patient_id,fold,y_real,p_teacher_OOF
001,1,1,0.2887824341654778
002,1,0,0.21773386970162392
003,5,1,0.19190813452005387
004,5,0,0.2653146557509899
005,4,0,0.17663796097040177
006,2,0,0.2228663869202137
007,1,0,0.19862338416278363
008,2,0,0.1112070258706808
009,2,0,0.15632319673895836
011,1,0,0.14726813435554503
012,3,0,0.2246335670351982
014,5,0,0.13871812568977476
015,5,0,0.3620833188295364
016,2,0,0.3491224139928818
018,2,0,0.2518067255616188
019,3,0,0.2195671334862709
020,2,1,0.20914762727916242
021,4,0,0.15595800280570984
023,2,0,0.21235259920358657
025,4,0,0.2091292254626751
027,4,1,0.23432948738336562
028,1,0,0.23264937549829484
029,2,0,0.24816231280565262
030,1,0,0.13734993189573289
031,3,0,0.493749363720417
032,1,1,0.2507805660367012
033,3,1,0.25881041437387464
034,3,0,0.20045628771185875
036,5,0,0.16667964905500413
037,3,0,0.17435256987810135
038,4,0,0.15419966466724871
039,4,0,0.25924275666475294
040,5,0,0.09702377542853355
041,2,0,0.2008442036807537
044,3,0,0.23997870087623596
045,4,0,0.1123571615666151
046,2,0,0.15855448842048644
048,3,0,0.13334587216377258
049,4,1,0.14898407869040967
050,5,0,0.06383546777069568
051,2,1,0.2009730465710163
052,4,0,0.27392586395144464
054,4,0,0.1748044140636921
055,5,1,0.29231288507580755
057,5,0,0.21282118335366249
058,3,0,0.3546907901763916
059,2,0,0.23744412362575532
060,1,1,0.2861039645969868
061,4,1,0.2490054652094841
062,5,0,0.2746120676398277
064,1,0,0.20458238646388055
065,3,1,0.11409227028489113
067,5,1,0.2518481656908989
069,4,0,0.2933230742812157
071,1,0,0.25890184938907623
072,3,0,0.2597160816192627
073,2,1,0.2688851304352283
074,3,0,0.2493465833365917
075,1,0,0.272038447111845
076,4,0,0.5591775938868523
077,3,1,0.3735488533973694
078,5,0,0.4198523208498955
079,1,0,0.2936330012977123
