video_id,blink_rate_per_minute,browDownLeft_mean,browDownLeft_std,browDownRight_mean,browDownRight_std,error,eyeLookDownLeft_mean,eyeLookDownRight_mean,eyeLookInLeft_mean,eyeLookInRight_mean,eyeLookOutLeft_mean,eyeLookOutRight_mean,eyeLookUpLeft_mean,eyeLookUpRight_mean,gaze_deviation_mean,gaze_deviation_std,head_down_ratio,head_instability_mean,head_instability_std,head_pitch_mean,head_pitch_std,head_roll_mean,head_roll_std,head_yaw_mean,head_yaw_std,jaw_tension_proxy_mean,jaw_tension_proxy_std,mouthPressLeft_mean,mouthPressLeft_std,mouthPressRight_mean,mouthPressRight_std,mouthSmileLeft_mean,mouthSmileLeft_std,mouthSmileRight_mean,mouthSmileRight_std,n_frames_detected,target_ansiedad,target_depresion
002,21.53716216216216,0.00884867666449828,0.006068166829754837,0.012302431985734911,0.008529718096582513,,0.30523010350861296,0.3096779742183415,0.0874152903696749,0.14338676064914924,0.3096547879840048,0.22197513926217297,0.030878212294421788,0.023526996984720994,0.034075573002805545,0.009926509134505773,0.0,0.8067256855454144,1.0999552647037578,-3.7896388979302777,3.2708513000467394,0.9291987966904032,3.9394450035928013,2.1828950254349593,2.4549619625825954,1.0828184540284842,0.02288886899721786,0.08703998627434785,0.0921896189693735,0.06138626329808973,0.07744279697080107,0.011320455722975254,0.03741461036965878,0.011308778951881947,0.03672480832909494,2369,0,0
004,3.150787696924231,0.0372062489440634,0.02588747564343462,0.027935049161973716,0.022566713666262665,,0.22502068010511808,0.233463277575242,0.0859890369867409,0.12983099912660817,0.193978076855998,0.16088800662835157,0.06587872958434854,0.06113023134134219,0.03378109448288992,0.009304644045501999,0.07978923598042906,1.7020044764667395,1.677153550881234,-0.9903881505320913,8.259966470527722,-0.3082994024711284,6.741833525629213,-2.309634410211691,1.894082834332952,1.0887543315675683,0.031518276379560194,0.010956501750027109,0.016436545770412543,0.012156969737791252,0.01585885713187388,0.054433472939992816,0.14560995513173633,0.05836807056106268,0.1547345732543535,2657,0,0
005,9.456656988801328,0.001182672953417272,0.0009089005381599674,0.001036918300248573,0.000781293272098847,,0.19011452265089968,0.18977738994484147,0.08931085660469384,0.2384312804864127,0.23451886575363629,0.09347175470562075,0.06336923151575863,0.0584350528950752,0.028385942506257932,0.007858690366559229,0.0,1.0867418997043987,1.2474550150448598,-0.32192939694534145,4.213024081519123,7.321723344170473,3.2697285839122956,-0.40054988112932133,4.948302516409793,1.0829424506692744,0.015987505212091406,0.027579739888099825,0.07235860428388004,0.037972886875101135,0.08209739229282238,0.014935247701969138,0.03849140193314811,0.018219493634818083,0.04627175952248732,2412,0,0
006,24.566580597565473,0.04390963459581096,0.04241407718550581,0.06830070586829926,0.05997023083563592,,0.35920703665556,0.35840917329947625,0.025811111984865447,0.3341039953125733,0.3336579567887987,0.03711757315446612,0.030788988878233666,0.02050102296430517,0.024212187272195484,0.010469503941253424,0.08459549316586627,1.735693667871064,1.3937346756802205,-5.866995444657205,6.97458900618615,4.851998666993067,4.468816484289825,2.4955320425246357,4.817526782352378,1.1080499660233356,0.03198368855218308,0.049814687627278226,0.039719067375407105,0.028169889711013005,0.0401038017875989,0.12108093006820314,0.14124623146360332,0.11855785366845661,0.14231931666284145,2707,0,0
007,37.53704313467237,0.003075769740412707,0.004150410506166056,0.0034293428471564996,0.004504883171417317,,0.31044780175947695,0.3087338825852135,0.05714718891703742,0.1273748887081302,0.13280805768362336,0.059636350308511506,0.04669481970053651,0.04444035583060415,0.022533896903520905,0.0071004909621530075,0.011853803095159697,1.7536619966108178,1.9993759938932072,0.15979623253142003,4.969824866392783,-8.44592944436158,4.586587635261759,-3.8540398975191645,5.122575926699115,1.229549207536649,0.03168432439447289,0.05058441112249444,0.06450886139995532,0.0625504669661089,0.07333853475800887,0.02225696667613252,0.09589252418433233,0.02316712785563513,0.09578713631638448,3037,0,0
008,14.425907752698723,0.05870132893656023,0.04369903843211028,0.047831873501872256,0.04120895889776613,,0.36844064157105255,0.3600470089047608,0.04675529222271171,0.25546288837708964,0.25327081828532977,0.058579965541577454,0.031550590873458156,0.02682784158502606,0.03032247324996851,0.011011655044195129,0.03984259714707329,1.838518220522837,1.9365054932184074,-2.0911186188628896,7.901547875243915,-8.29898190897909,7.233689314234793,2.5957282065338076,3.482356429763716,1.2545557707269615,0.03636864015580931,0.04443034559458348,0.060141911341375344,0.032815031986529,0.0486552442828822,0.04688147913550749,0.12189886144383934,0.03837369400481278,0.10758935115954053,2033,0,0
009,8.478802992518704,0.0012109299207584663,0.0009831756417928476,0.0011521867986549002,0.0010917938112943635,,0.13754121436283617,0.1268744647828301,0.0866074913596484,0.2087570361652395,0.20295901941797162,0.07781014501977201,0.11358436725433571,0.1195828751177714,0.024717871306714028,0.009643945533854606,0.03572912339011217,1.3386040077113792,1.239983642090989,-1.9185750674261253,6.447783729975928,3.969682716044447,4.433393691533118,-4.759323494134467,4.294989632216173,1.2057602101457927,0.027808023121315903,0.040441146583357686,0.040525072173352654,0.026803700140966422,0.032085846102239905,0.1472581168584548,0.2040559549934813,0.11699278573524796,0.17220421608542477,2407,0,0
010,11.952191235059761,0.011752451283883298,0.010698737776138128,0.022591724526582382,0.022154538364611214,,0.3094437490727447,0.30156665651226816,0.05719217975590704,0.49124414758377827,0.48896046548301225,0.06147423689615006,0.032626304772688686,0.030972397280753718,0.03632509640537764,0.01802346553959576,0.24124168514412417,0.9193253946086997,0.9853059603531605,-10.302312229751317,6.8970527847695875,-2.3381620938777137,3.975447134318788,4.494913609139208,4.327558783778514,1.197294466088458,0.04207435102315222,0.03891726964356754,0.08874857070744466,0.011400919823532774,0.034735730150187945,0.04716770279672501,0.12847850187340973,0.040539944133911626,0.11446700461585754,2255,0,0
011,57.128614157527416,0.008952517376402036,0.007689682721361587,0.0117915886316844,0.010422955871938467,,0.5099714038588244,0.49701017976609047,0.1259103540799469,0.11950544579844717,0.11975903928261432,0.12347592287768534,0.017046684087559213,0.012573298977251877,0.020581347616048327,0.01350912420729322,0.0,1.6071702353449602,1.5296871172940645,-0.6534954498464675,4.136678714884282,-11.829309548854114,4.32147169710201,3.7773287763734875,5.801424560944088,1.2180440648610638,0.03034134379055937,0.03720193082663299,0.06050575643400224,0.05309990542236851,0.07135122277075091,0.015375141969480215,0.03713943519928509,0.018054334068147902,0.04278397839468767,2007,0,0
012,16.20689655172414,0.005825820446436268,0.005877417671554163,0.004465330787594177,0.005477667470906698,,0.203708031104042,0.20234596389139875,0.10412024165713425,0.2261631750886311,0.2176337988667633,0.10286310429154463,0.0789353596139512,0.07491397991195928,0.02728833196199799,0.01040655912507657,0.0,1.0039722417550805,1.07458336389028,-3.358773035718511,3.1184662609433484,6.411020549565194,3.1746346283268574,-3.897072292580807,5.642997762531076,1.0942847010460754,0.01954704883772375,0.055502779591381377,0.12306285869448562,0.028435950963494477,0.09623999552888056,0.08529753450075275,0.10856813540822172,0.06628607238571634,0.09368587112182081,1741,0,0
013,11.07419712070875,0.017943423532815226,0.012508204091642706,0.008581458761041865,0.006829980963817177,,0.20628995823440213,0.2295054214339827,0.07252041695088451,0.13267696114837765,0.1681659192773015,0.10096058969403535,0.06910801950070622,0.06362240116264005,0.028329916531821486,0.006551367532082333,0.01918819188191882,0.9286559137769987,0.9285383903318656,-1.2619874428462399,5.9933221211705145,2.4971671966500786,3.604792924993589,-3.4407726896858026,2.3054765636856303,1.1411373969373668,0.019001688987357816,0.011137364747406953,0.014626479480054211,0.00410189569192746,0.0044535295129559845,0.002379024213509937,0.0184871284891732,0.001282504631386065,0.009770183331398107,2710,0,0
014,8.80265026029342,0.04018833122028005,0.036313530996718545,0.046656479482728545,0.039716108639783754,,0.20748839033644226,0.2028512536764388,0.10597927050879018,0.39513579234140533,0.371780684061911,0.10133258737397773,0.07538183838720042,0.060834422282096574,0.038460327357947195,0.013774742490122999,0.0,0.5911675330983021,0.6449411229718125,-0.19337174399082294,3.432441767027297,-3.1611776561952083,2.7579747510813264,-0.9646066039346988,1.4358547583976315,1.2444349888821424,0.02072601714892069,0.03467237624467478,0.08289484961086954,0.11609158618342617,0.1351072336562241,0.08302222339027863,0.13860813776851735,0.12078523067414008,0.16977490496341507,2114,0,0
015,28.227194492254732,0.014793638923067428,0.020568000027443932,0.021656737570758137,0.02077026604061518,,0.35626345395415265,0.34033929798880824,0.05309204807236639,0.2016686964517219,0.1930655971069419,0.05303898006086833,0.028264588760619786,0.026987350927626934,0.018571015909015876,0.00908097838150131,0.2707373271889401,1.2079428022193168,1.659761879567582,-9.729330964829593,10.28370589003015,-0.578279150976351,5.415718311895342,1.5560911316657304,6.338015155939454,1.1474943446673556,0.04567635632267633,0.04031103972134118,0.08146523287258027,0.053181013575763644,0.07944487551803407,0.07546265465805573,0.1666676178793351,0.08107900595082843,0.17595602999160287,1736,0,0
016,2.2222222222222223,0.06814480933371184,0.05224135339962573,0.09088701963327121,0.05335110484618625,,0.1520376955521797,0.14310773882916517,0.06338730666865575,0.18630424501299073,0.18680861215968145,0.06505044580674174,0.08958416148322448,0.0884338112168681,0.022570303738790116,0.00629019670997433,0.1424759871931697,1.2341924446500545,1.5561694420514374,-8.227748930630181,8.761712728224799,8.419764528035612,5.469518917126469,1.1724053269966328,5.094482009621994,1.176750869290424,0.04423780570771469,0.1016177845709242,0.09965850917600158,0.10309585257621706,0.13828145966809932,0.18196557777113745,0.23877462403047173,0.17274549365191594,0.22491336803652673,1874,0,0
017,41.63265306122449,0.0011943452956329264,0.0009933405392289468,0.0008759613237103775,0.0035544002078515278,,0.496058272116468,0.49314489991234,0.06778495488996308,0.17132607808983447,0.16078652701519863,0.050737654180373286,0.019468552939903593,0.01369646575335044,0.016151151710797305,0.007567463886388295,0.08496732026143791,1.6239892367249043,1.6289524675551577,-2.3053918623072,6.988446525493744,-3.441980815511472,4.073784791144025,-2.8660510057790454,6.311771868445319,1.2161572218597407,0.040782179846746196,0.02137475016551887,0.021659139630300885,0.031494109937939184,0.026290418130888237,0.08364537084142294,0.15817315058116974,0.09189765831703994,0.16783553926656525,2907,0,0
018,37.69516728624535,0.004292522405028231,0.004290582724884768,0.0027970040013360277,0.0032784346736322934,,0.4468486627666968,0.4337978604336524,0.1156231490649646,0.16519031763916564,0.16798983004936738,0.11225359776238221,0.018312358137774577,0.015077674060629764,0.02126605137938648,0.007375787153329388,0.11296915644741731,1.4425170078750265,1.6585249497547043,1.0818801880987179,12.159078253004484,-1.0556580702804856,5.080308162468393,-3.968510967927121,5.107948902243606,1.057254582455237,0.043769939406671655,0.044582237049557244,0.06294796802867757,0.02878697227760793,0.05533936476397394,0.06409628482710807,0.12683927946416856,0.056677421411943714,0.11159737957392017,2691,0,0
019,11.390728476821192,0.0020168482092315274,0.0024393297208510044,0.002229110007179258,0.003081528542998975,,0.4400635297457044,0.416936943291079,0.03855573308396562,0.32836406511522376,0.32452302002627487,0.03621439063352826,0.018722302153316512,0.014419718133691502,0.023531377044878735,0.012165876904228972,0.1028243601059135,1.3016742241610042,1.4886454629086183,-7.012858329246286,5.2185633673073095,-6.223337365254769,5.385158641014634,3.1967751870191723,4.293183381931924,1.2131207315456731,0.03218721894249929,0.09310121293609595,0.10576081241844416,0.03549143234342838,0.08707094629585534,0.37759383030050386,0.25039867668804855,0.30266391801895826,0.2310421885346656,2266,0,0
021,40.866873065015476,0.010155346850177712,0.037150896911694195,0.012326697661067918,0.0356603237732124,,0.44453835586983514,0.4239878326075636,0.06527980103679266,0.18643457187150575,0.1867670638733049,0.06554879671278249,0.026239848293340123,0.01615284445078877,0.024818747205727774,0.008885282812770354,0.05013927576601671,1.321392879886957,1.1395940448801727,-0.29963541477236205,8.057347078595095,-4.83642115156852,3.9567489263633915,-0.7840904231422187,4.665069233652897,1.2525284921964306,0.026144653295937875,0.024644980657226655,0.03592030426374778,0.030217290672953034,0.033522668395766266,0.03613791012549247,0.10507016440328636,0.04435605637958956,0.11630788799113845,3231,0,0
022,8.123791102514506,0.031583150181046356,0.026580048171112945,0.03878568036225859,0.02614299305295901,,0.1809957410285951,0.17068546550666766,0.07101267093389493,0.1920401348858641,0.19645743095649124,0.06654393138828178,0.06538940087207129,0.06111469766517996,0.0214380163798247,0.011139809367514844,0.0038669760247486465,0.8221167441255391,0.7880147919244513,-1.3326954216390563,4.099014269370441,4.2068774391137485,4.203214025201051,-0.267559962716845,2.392496371430606,1.1410841026789258,0.022884211910425094,0.08548708083780854,0.08638933334906387,0.07266825098376985,0.0760760427446213,0.1788320406092133,0.1854126950012753,0.19553525532305532,0.198465626139145,2586,0,0
023,26.207320824361734,0.007385545863144216,0.011955640164979815,0.004617507366908351,0.007064747899661745,,0.6267448426218564,0.6177746087523477,0.026996473340978402,0.3152343952011262,0.32392699869848196,0.035174606857421624,0.00903135365862365,0.005763392429414012,0.020865655881013356,0.009501093499007457,0.12054120541205413,2.361027518937687,2.1782037804877117,-6.211916509013953,7.760577936097717,-14.53529131214328,5.749511193805947,5.8713323741295405,12.288758156899632,1.2508679167590897,0.03634485994915419,0.1570430759954533,0.111422577529723,0.10105007964614945,0.08507390339975603,0.22615462803288092,0.2610260852780319,0.2190276043716347,0.2526164825161597,3252,0,0
024,24.042933810375672,0.03620466562820308,0.03470256973014535,0.04603352287951763,0.03972313479899072,,0.3472009741065648,0.3198749566889063,0.09468041115063994,0.2320276833671806,0.2204211521166352,0.08359674950737259,0.04302592380400361,0.04013814502706297,0.021806198140627602,0.013540020331991953,0.0,0.9886511249438166,1.0882310309567254,1.2878551907351579,3.3773165368457962,4.975338138300424,3.3625158588146205,-4.801997690809198,3.188317493957139,1.2104319296084418,0.03352433307280008,0.07584378983207894,0.07575617976020231,0.05809742235520306,0.0665270440500489,0.4597634982516146,0.24890133807492407,0.4218202566755309,0.2504575841593171,2796,0,0
025,21.013260795647735,0.015269095864989311,0.016236165708801452,0.01302831832177069,0.014095813929211422,,0.24668819201796144,0.241129613660319,0.05680325984496046,0.383786879262467,0.37205586200606117,0.060240860186892425,0.06404926171939425,0.06408105316531293,0.03339737577395584,0.015007702637637994,0.04894629503738953,1.4781380515831992,1.2786085767940465,-3.361221370937456,6.661122261429931,5.2185211208757245,3.5132469885385866,7.741494779895585,6.842315146491748,1.1405957609435313,0.027655140966135694,0.07330088777990568,0.05259534374418221,0.04196810038611877,0.04260507832945098,0.5575689473411285,0.27620032509819326,0.4500951309436041,0.25207849437786345,2942,0,0
026,11.78725443219933,0.003827495239322816,0.004233000156583125,0.0030896072678971687,0.003522408115740853,,0.3752426714618544,0.3630622716913164,0.04189178353888885,0.3589877972439653,0.35377737913696433,0.04916289285406091,0.021758410724991007,0.02015147015317013,0.03006115019288212,0.012928815513053369,0.11877394636015326,1.0529320802853115,1.0097987892034102,-4.804194106867907,6.714477414607346,-4.018115342069999,3.7706154620216688,-1.932365084297197,3.7169208786631978,1.1694905964008235,0.026241066994274,0.08118842946558609,0.06386388709968446,0.02559720956687182,0.03324183388164056,0.04580446126343126,0.11333156518087761,0.02733162662554424,0.07814415133245348,2088,0,0
028,8.785845027455766,0.007940545669229566,0.008975868948762565,0.00913136767741956,0.009657535771169781,,0.37403784714889055,0.371005514111915,0.07600620902302603,0.1827983439173095,0.18894456457076936,0.07605338793450422,0.02124913854002044,0.022509861170479647,0.02202579652785505,0.010712989181442648,0.04451219512195122,1.1060291883901794,1.1697756384991251,0.35256030591009196,8.601161983562724,-0.2938334409420083,5.158234397453181,6.79374800569803,6.106214520024946,1.1533459786234832,0.03276939481977326,0.041535426177976724,0.048050899392454494,0.04443469001445209,0.05456334102250972,0.045303267491866646,0.16168260340528673,0.04634733236075629,0.16558268366942366,1640,0,1
029,28.704784130688445,0.007301704977030776,0.017993821996223687,0.002583406966249292,0.00728646944883208,,0.5853413954452137,0.5821697306013961,0.06075062405567862,0.19993608120010192,0.1957614890408514,0.06074315594080045,0.015947463160508067,0.013032472385834024,0.017750757751898386,0.010276966737413091,0.032662583843686206,2.6454503240355884,2.562828029970042,-2.588950517183865,5.806639797417833,-9.159456845125758,7.337703843449214,7.470233129116736,5.2421501964411,1.1310413344221373,0.035667081474897264,0.057910187090177374,0.06696988384552191,0.03806232668250418,0.04623680382964103,0.23579061576522775,0.24830088139791087,0.19706435677533476,0.2186447304801998,3429,0,0
030,14.93212669683258,0.1462776090920094,0.14344778693611077,0.12431803659101674,0.12670853953538935,,0.23351976292501606,0.24182118003142375,0.023146646134681693,0.25341395078750234,0.249837194542559,0.035104421907672614,0.0630285249976415,0.05543073242757398,0.026458698196400857,0.006159321465006335,0.0011305822498586771,0.7665923654102861,0.956443932875459,-1.6888515181063453,4.568422669739253,-1.915160095321521,2.413823100285124,6.9763164917626215,5.031306876571355,1.2876664549028085,0.025718797482389283,0.018879608301193597,0.04787501580696302,0.015540283419060023,0.04201288439699934,0.025436507438002257,0.09462993331494934,0.024671590290300662,0.08554199401518199,1769,0,0
031,25.887265135699373,0.008582966956611452,0.014679418805714271,0.02613008435032237,0.03499078719604091,,0.3534964529428145,0.32896177500648344,0.0992911348859324,0.22173220807473865,0.2178469196076343,0.09426199173228815,0.04156579324412767,0.04197621637724502,0.02768254579988349,0.01335748103326381,0.12417391304347826,1.929768102612659,1.691603515783776,-6.440295547728245,7.2502500471336715,-6.423426396484608,6.121151335542445,9.40964923217431,6.345387743013513,1.2603308272154434,0.04286169612700189,0.08738083882290748,0.08377252312090719,0.05908233305917162,0.06232249117064259,0.2395507526779409,0.2812525338882168,0.22320395832736847,0.2647756628554995,2875,0,0
034,38.57415658816041,0.005318305630949523,0.003954142048473121,0.05616877502668071,0.0319582284303444,,0.2792685089737765,0.26657418146577755,0.04267308701390171,0.2494832800574474,0.2450464053071041,0.04070460086312559,0.04260000125730231,0.04168025874952418,0.02043397939672698,0.00673596975659348,0.062360801781737196,2.1448579358708666,1.6295622753931387,-1.1612064222456437,7.2856860426384165,3.630454739042052,3.7369233046438106,6.460111567029932,7.7811311644728915,1.1650652667727397,0.026240886505779732,0.04033118762989889,0.049234787317340885,0.06689583620016062,0.06350410070015697,0.009026051160847839,0.034363891177614105,0.011372806161541583,0.03752988472212484,3143,0,0
035,31.706422018348622,0.03603943517383018,0.03864395428160156,0.035118017417497614,0.03410080662804647,,0.23964033339542262,0.2441857977288892,0.08319519151959029,0.3082563039828867,0.3141283107935809,0.10016907126391036,0.07497427928053825,0.06891527199703976,0.03159772869591466,0.01260191123423512,0.00036683785766691124,0.7656358017579169,0.8134734353088978,-6.271828762722295,2.2881377959833946,-6.545930727130118,3.3436917791490495,1.1032424770379408,1.6218645179178488,1.229583290553845,0.02185575756651353,0.021534967207843002,0.030702206948994747,0.01589288597987182,0.02304655897669975,0.0005805880248874008,0.002724126004048188,0.0005417640145051338,0.0024666909600079448,2726,0,1
036,38.18770226537217,0.010272964436758241,0.008359118809422354,0.008697668218079255,0.007219145150061655,,0.532458729547953,0.5245210484428346,0.02251375950994491,0.3050241213268977,0.30544846664826736,0.028106465321443685,0.013753622615706135,0.012131416393510465,0.02036477329681384,0.00664347167277933,0.02425876010781671,0.9025717757815747,1.0192218158272661,-3.3741577048562883,4.255352828038917,-5.925057406029777,4.163830983057066,3.424900025666523,2.606570606886653,1.124489212807298,0.02064996274855795,0.06675245948455132,0.13425450895262986,0.05317897593355901,0.09316805359457957,0.011728041537054928,0.039569657575490275,0.011751877033928866,0.03561224767341511,1855,0,0
037,27.191235059760956,0.01099022323530193,0.010350931173696905,0.010607014651701174,0.009008956366568104,,0.37064474960348687,0.3638087476841501,0.07963696062104636,0.26883881002170396,0.276110135398088,0.0776474500975434,0.037571148028480876,0.03636665398252904,0.028958356179398494,0.013148709293506177,0.15928322548531607,0.8093447132613032,0.8130506596619844,-5.7301250958299255,8.076373854696502,-0.10672673240922707,3.0266562973413946,3.465930957358512,3.068238600740596,1.1775886120637178,0.026644748262483278,0.05633584125611072,0.07415699147207624,0.024793942791137207,0.028473954902823936,0.05042958675644401,0.156495454982714,0.04545646256061631,0.1448451249654645,2009,0,0
038,3.0023094688221708,0.057670797674449825,0.06570539254974209,0.08853345297192804,0.07466513310019995,,0.26290229698926176,0.24391186532176382,0.06959018194593668,0.2185520080203802,0.21484912626892141,0.07950158265954954,0.05057203748246218,0.05280917515801198,0.029461163150597394,0.009056948520336457,0.08580223162754906,1.0912685821701293,1.5607553367987466,-1.4474182648980503,10.076044138282011,-1.358873689603933,4.2124018921142135,3.4971703215385386,4.653053937873308,1.1863056796474978,0.03397195434590696,0.05235397916307968,0.04324030076354126,0.03842098596088804,0.0356571839214206,0.3981851313101221,0.3033173817790232,0.36324705392256884,0.2975028678644255,2599,0,0
039,18.435754189944138,0.11522039684991171,0.08341588415069034,0.1295022944303893,0.09546623982211845,,0.4223554499306965,0.416755874645789,0.0357585008528308,0.25436894428019075,0.2935536483898031,0.07322872723529111,0.021465435293967793,0.017146026302292807,0.03220414037803878,0.010582733636437417,0.11653872993719469,1.3388063734717974,1.2710898655382394,-7.989194303880974,7.439891615591679,-7.366832505059799,3.961481413229729,18.914267860753338,6.131612856398967,1.2437533215884138,0.020755275061529275,0.026442139293310876,0.03859527987212062,0.02079608779357043,0.03974393789511291,0.062326682847721436,0.09088661097030629,0.06540737000722321,0.09542093454265389,1433,0,0
040,8.891523414344991,0.009998335266079288,0.01956069337740742,0.011182908543202212,0.017764085922528677,,0.2425417434747116,0.235472270992828,0.1630695775385636,0.18248231861847727,0.18551965777540858,0.16605778335315954,0.05061793082583338,0.05640841683162521,0.03124733881502637,0.01309147287636961,0.1973918197984588,2.0866991675581925,2.2203368722567802,-7.566854700656256,8.82632501547993,-5.400235546292394,6.177311811680933,4.520231821284992,8.688492050834606,1.2411431736965892,0.03503349830944718,0.11282211823011672,0.13912296703610588,0.11314993589169306,0.1317767056931712,0.06091272173808385,0.1558825559332572,0.06095136583801896,0.15853623650796136,1687,0,0
041,16.94915254237288,0.03599268249458069,0.03889670286763381,0.05730338019001621,0.05421350674336071,,0.36333279842171945,0.3507175853527344,0.13102306237759073,0.23430894125434304,0.2319774537377858,0.1317197332231207,0.03322654805546965,0.03395787218189477,0.033335690244616314,0.015047086884414937,0.035759096612296114,0.9148092405073609,1.070795530947451,-1.9237884354745207,8.433134457803662,-7.674106093408678,4.841193997654079,-1.5549049774108723,4.382530214474125,1.2521326251729967,0.021077213375277796,0.03500271842917521,0.030897976520362348,0.038985321101635564,0.028083631749568856,0.03277937615372456,0.06284906810067803,0.034572278652179135,0.05731109387437962,1594,0,0
044,10.477657935285055,0.006429379612506414,0.00957674106975295,0.004545551956490594,0.007525195485016796,,0.3354942432740508,0.31087989403504795,0.18874538027854285,0.313308994279577,0.30356080726934725,0.18641077046636542,0.02577523012464824,0.029192655422168763,0.03590934710665338,0.01594792510340848,0.0,1.1851436469679788,1.3115512641298481,-0.19179659752470193,4.631751199707429,-8.296630854441094,3.9076475470143888,-0.9777155699355631,7.440749530676479,1.2618320566550418,0.02936647754137647,0.2520620878642421,0.14632015897765413,0.17725623695675122,0.12615431280600392,0.1412416243637137,0.22734662774016395,0.12389066668576951,0.21830827893564586,1948,0,0
045,1.9083969465648858,0.01576513179962139,0.013605415836206588,0.005771628825973988,0.006676101988750098,,0.31230994824791364,0.3203891676004552,0.09229600618738489,0.15084767179361303,0.15411189624679128,0.0961239647763889,0.025401186283401912,0.02509920340823572,0.03032188723663085,0.007925240845371365,0.0,0.5939301834191572,0.6525139988157598,0.6232544854472795,4.593080758668715,-11.89037106526709,2.098213402775522,0.18624487959977254,1.9177578820146122,1.2621450731880106,0.015202219903386929,0.09049563055878146,0.05629295710559552,0.0488818176716829,0.0396043126848002,0.06706142406515544,0.17749879326889223,0.06215091714246757,0.16824443279381845,1573,0,0
046,11.086956521739129,0.02067794066493861,0.013701507185280242,0.016973186025492398,0.011661237635233747,,0.3987674231902534,0.38633444647890014,0.15677813605193966,0.16079747876225622,0.15754231546558026,0.1523252784661737,0.0191938528194892,0.017150250247829898,0.029554233842859188,0.013260138710770137,0.0038022813688212928,0.8373447738487169,1.0754705628298091,-1.8195656551725279,6.07066241579056,-3.9784698560297698,5.13457171052557,4.36822248969226,2.6708123920902676,1.1622577119559971,0.02897997375540674,0.05020750524777927,0.0919344062501089,0.028192930470863464,0.07130117039170325,0.11508465175587165,0.1983790179817199,0.08335152829980666,0.15587848634352203,1841,0,0
047,7.2356215213358075,0.09492467968272607,0.04838180665947353,0.05998120104838344,0.03511765559959619,,0.18539466570042104,0.20224078258306935,0.1145661455116787,0.13934599779189838,0.145381930629832,0.11660649543392783,0.055948518692201896,0.04326159083267167,0.029951290545037805,0.007469640542552317,0.005099675475197033,0.7034717007852959,0.6628349628586852,-8.375100356536603,2.3978115119001284,-1.9076029051173613,1.9096608231965615,1.518642713346292,1.777816967710614,1.2479318470439813,0.018047265944103594,0.017699463293614125,0.026190827583155427,0.010236889115119363,0.017492140077834364,0.02456200157183132,0.09465555796821898,0.01986369977548538,0.07315843944412122,2157,0,0
048,0.0,0.2636967000477623,0.10712517695183629,0.1959085785003239,0.08640083469011015,,0.4281518339055639,0.44883675714029775,0.07729010506844596,0.2240919087668384,0.2991873078183792,0.1253040139289931,0.02119745039838673,0.012020794383685252,0.031534942598153086,0.007939841455124861,0.28271150814503415,0.6872185650151347,0.8301782964172999,-12.184810926827454,7.008955545479001,-14.111553450501159,4.257681685835587,6.505522133398819,5.773853394917533,1.2655903972955485,0.025510007677649608,0.1601432690945519,0.09666874764203505,0.09871053025767568,0.09305003450584712,0.16481834408921014,0.2057519708217172,0.140827034881663,0.1707199310033865,1903,0,0
050,25.74974146845915,0.006804140731427127,0.007631418047143081,0.002470047841360921,0.0034534719929308253,,0.342521052399424,0.35221748614361276,0.10285058630074168,0.20520376906748583,0.20120979669547184,0.10531486651527927,0.029470543758474407,0.026159765973214292,0.028604041138580862,0.015309965525599356,0.020155038759689922,1.1194884123098883,1.3290642472122542,-7.19298670780135,3.8266530410975292,-3.9668625103261923,3.7047170756543184,1.5504624414220958,2.556865118775242,1.1856897135421596,0.0273589259962205,0.07560127499216725,0.07213720999909996,0.03353121650666335,0.03191897039482598,0.05291711651870883,0.10141821390504172,0.043601621636901344,0.08613793982087105,1935,0,0
052,39.315230224321134,0.030554442478764175,0.026335157649154672,0.02536998853378635,0.021410325858450388,,0.27201119896496995,0.2733318698617209,0.025839047420311994,0.31636238807220296,0.30433396303375143,0.029925271291222223,0.04633055753678984,0.043756015144857226,0.02361418158238325,0.009618502839770832,0.21887905604719765,0.8111818630320823,0.9060582000501521,-9.199568250303907,6.2055856689708575,-1.9015561725002998,3.67876529350288,2.7771921495455083,7.860255343894725,1.2456417635830455,0.03578964925690984,0.013222162229238884,0.01817823904511077,0.010437609360190685,0.012615679287846243,0.04214709237320879,0.14783567541376788,0.04434193899207691,0.15144932883324377,1695,0,0
053,5.558006175562418,0.009158657006794151,0.018509521991594113,0.014951472019055882,0.030410330459664143,,0.3453665714197696,0.3501180769948608,0.08666052935787676,0.3155357941656497,0.3488468735582916,0.1112557420996277,0.02737248859154985,0.020787698019427155,0.03632734995586936,0.0175897139686754,0.14723097703737056,1.866957535886774,1.8411472230300105,-4.93638855173684,8.494977076033432,-6.340866068928541,7.161105057869248,-3.8574481958276827,9.58602965605629,1.1251814727147706,0.04895186501429935,0.01948865083127135,0.03264099382072301,0.02926949070697799,0.03649336021693284,0.018987492497164978,0.10299241106346078,0.019025209541580324,0.10030269053144031,2221,0,0
054,11.984021304926763,0.015399907270823247,0.016350326619751308,0.018722907331544483,0.01619132291125507,,0.21919881290166962,0.2241579649561707,0.11513367845433473,0.22651708503253243,0.22581853793643517,0.11463596545916568,0.04465780307033893,0.0440800571641674,0.031207571571367235,0.010290207075824656,0.0323868677905945,0.7696318038793815,0.8987788399185561,-8.823056397680276,3.129888607443962,-4.304239714013069,3.674608244362127,1.340515403171213,1.9875852369815008,1.2122809528352523,0.020627034509542567,0.03730904651812886,0.04892451916201816,0.010095368242471276,0.01973583862007469,0.017887463752486912,0.1009450369070132,0.014010679787495432,0.08534469910922092,2254,0,1
057,4.778972520908005,0.001653757176352339,0.0028739218721286494,0.0018134317147101718,0.002983933095502932,,0.3327260075410775,0.3106504754390197,0.11122115652378473,0.26951924687533946,0.26443352920593993,0.10865322400630109,0.035875952415823274,0.03125752702258948,0.02963553233888656,0.017228789292099957,0.1090617481956696,1.8038961225226706,2.117400698109524,0.9190369149815267,12.694292940727884,-1.6807938073308049,5.903425325468734,-4.062909561104822,9.618049450438283,1.1953409996239204,0.05087469403642742,0.07171969915508294,0.13038665094579363,0.06330056659016416,0.109095736153612,0.12312796831835915,0.18588490533378138,0.11083707334510705,0.1710122711842376,2494,0,0
058,10.516342965419234,0.015300673469665607,0.04166211007538183,0.01879495247373896,0.04825904946744103,,0.36697268380978937,0.3528108760581737,0.03425722272718332,0.2736060938039951,0.2682704648980959,0.043525096971091866,0.02997892310511769,0.02682795163440553,0.022656944092325177,0.006123584411646187,0.2761724301279015,0.9546098536066395,1.0491804366266477,-10.400210269213064,7.84614385827833,-3.4531615514278213,7.292118036481902,1.7384526374371971,6.021113291676802,1.168037982898434,0.042403080079100014,0.03120389615173509,0.06936627042607645,0.04674118551476537,0.06927126902112851,0.07058487148002587,0.13988511697943745,0.09396638670706424,0.17521296673124287,2111,0,0
059,16.666666666666668,0.0006843785234265005,0.0005721556386202563,0.0005745742941621996,0.0005579945120805963,,0.33387111860747837,0.33082830780876105,0.08500856291365678,0.2666018688581343,0.27037013031302876,0.0903298108021329,0.031478707069520225,0.025063045485624408,0.030126624866318927,0.009287980610140545,0.014436424208772903,0.8122634089795893,0.9879404893945236,9.413801879019605,7.21930843362606,-4.618563953849142,4.845968388675613,0.9424006723034,5.823584005295225,1.1572952999266435,0.028517481475412686,0.0036718283867279117,0.011662230154167116,0.013064371355904162,0.021915519699863165,0.0011436024472026582,0.018331266072347415,0.0012917257415319282,0.02026018993884929,1801,0,0
062,16.73960612691466,0.005258627582002612,0.03477931973593263,0.0038715927666243665,0.006424382246651381,,0.4142217974854006,0.40725614914400604,0.037405386735003904,0.29374322322820146,0.29568679684439475,0.042949622019139266,0.02616111008325591,0.020307714442713697,0.028889920380875813,0.010904889224530343,0.0027800945232137894,1.1315415355843788,2.033971339286433,6.238546013766004,6.482202581022585,-13.99034917850875,5.343655893822449,-2.1713353718702106,3.665765562333236,1.2527714287999407,0.036597449354254505,0.042945464936200654,0.0995972626615664,0.06211367270160075,0.13201393844385323,0.010147586502843788,0.05728356863880289,0.011067349505991125,0.05875567590484925,3597,0,0
064,35.16483516483516,0.011752982069703028,0.009112821892418074,0.007893066361151588,0.006422423369606609,,0.39038790901269993,0.3700004732747982,0.05689445805649321,0.1427978414740676,0.13052685087164625,0.047697841006650116,0.03030358043309743,0.022998019303006483,0.016252993473784415,0.005000206655773144,0.0,0.9218884811837951,1.130591313806546,3.932360835156029,6.465418032035184,1.6486192328393572,5.736689810171678,-1.2100517654827334,2.4526172304498286,1.2392091645207597,0.031985497954411024,0.050461658790038944,0.052500771464306026,0.041700453738109065,0.052404817123226796,0.1712750845398455,0.1573211985209926,0.17320949374934497,0.15622918861080695,2184,0,0
066,6.102635228848821,0.0017634269136540285,0.001867520550449169,0.0018207815059744555,0.0021215287146948794,,0.29149072102439727,0.2717752213983206,0.05222363290943437,0.25348386932199934,0.24571935154117605,0.05485186093044263,0.04282829053917307,0.03673809244508972,0.024737565479195693,0.00754219943913908,0.0009242144177449168,1.3287132444184713,1.2936052282152506,1.5737012343583612,6.369400954598839,3.3392790871729465,4.861671955023278,-1.9766754657221755,5.908938051956328,1.1338938664156055,0.027885631978295206,0.047517704062708034,0.06448082700685859,0.05833549551462325,0.06187864701041838,0.26699046360195283,0.25586248885447715,0.2933733201697734,0.26589709836341036,2164,0,0
068,9.699769053117782,0.06653858907024791,0.07682017128490928,0.04711928326089845,0.05886642283602439,,0.42221165417252127,0.4050320616970865,0.24539997147642656,0.12954928080971687,0.14452950745701254,0.24793362565202656,0.03744293478628856,0.02854669948990225,0.02704752854102558,0.013876890313574768,0.025785278949835913,1.702039566025428,2.1022554478072792,14.717001900563266,11.951148984850528,-9.742530767825086,12.123020923609092,-8.663537955796194,11.250235457390664,1.3528511135219354,0.09557435337509625,0.04661850970664375,0.06733930212077993,0.04085143944251832,0.050681674887275194,0.11912592305951612,0.17644308799125027,0.12235421357511445,0.18130011945862473,2133,0,0
069,5.946291560102301,0.007331743656231673,0.0058344294215540715,0.010592343695409942,0.008878371855796808,,0.2763475553702876,0.25176177240837305,0.16434521453457174,0.0829204688964548,0.07242276243483094,0.1563807667825209,0.0449080584062839,0.04429633488672342,0.01924781951983065,0.006102453056730817,0.0,0.9859678357813574,1.1275449817885266,4.993881344105261,8.89885154862228,-1.2612367510243765,5.023637183956942,-4.5609831196519695,4.214153914885173,1.2282875894395335,0.03031240551239771,0.06017587335018894,0.06571082842392152,0.11848767502897128,0.10657166639607464,0.12736465221775572,0.1397669997272738,0.13974659666036932,0.14727690588400677,3129,0,0
070,1.5883520847121113,0.01144917388075753,0.01401843164375594,0.010496094039127074,0.01254140179878333,,0.1191593010674941,0.11665271389963988,0.07172898700418386,0.13958580663777612,0.13949844208675632,0.08240358376388404,0.0982017384031414,0.09681201261659775,0.026427294009105533,0.003811012422976344,0.0,1.2249162770674056,1.2093955310757738,2.2827962751620774,8.063641515799704,7.075018855665783,3.0735090585687455,-2.019450052677208,4.158355613311433,1.1069946260613481,0.025195360498822227,0.03952916147286365,0.041399502304688064,0.04024493300102381,0.0704116718670524,0.25210016210442865,0.25870459978423427,0.22914277773583958,0.2365768049748026,3017,0,0
071,42.281404666509545,0.011312488414808334,0.0102786268560557,0.009423598224512029,0.006935443412845376,,0.31311178957063857,0.31117266703583124,0.08033376218018869,0.13304081784307983,0.13354428371288882,0.0786193373251552,0.05224291421209693,0.051002158022740336,0.020420274820654283,0.010596027943611194,0.001413760603204524,1.1836313658373843,1.2937510417870113,4.604652794781532,4.906623864354217,0.7136278329430551,4.379919121642164,-9.13490911076042,3.9745561188567584,1.1990925454228245,0.024387182412103747,0.0378715122223665,0.11009519619513955,0.04712307790548736,0.11898281372585845,0.07442688198691905,0.13309434693148067,0.07739694771015924,0.13403778064445776,4244,0,1
072,17.24721001014542,0.07969659289610474,0.09346845816740414,0.06001066147396001,0.08780101905009804,,0.28416742084632257,0.28395639732135963,0.06189345508037315,0.20075795559616955,0.19707153006172862,0.06064523830333879,0.05046010690876754,0.05738129847489878,0.020939578834543403,0.01054269911773823,0.021327829377364983,1.3070950792128444,1.9163977199233264,0.8754261856053523,7.421052888726128,-5.277365243685101,8.679404490890974,3.6190175020045756,6.365783586088862,1.2816844442721531,0.047790634118830465,0.029592244599163615,0.04122079338752506,0.015615947911821627,0.029251604708720288,0.0297443369061748,0.1290967226798039,0.02435650016606167,0.11542974750194201,2907,0,0
074,22.408728493495595,0.014595899585575603,0.011289088016905171,0.04417494227240944,0.03130017230346629,,0.4577310027526504,0.4102737278702525,0.11970195329075484,0.14517842482350807,0.14498866568699412,0.11630424753777041,0.0204272657658611,0.015011591538080779,0.02452832357104377,0.007244859405291141,0.0,1.0392883691364798,1.2096022867090586,6.226349481920678,4.939400871763238,-1.4568949968925398,4.015042683728504,-0.08637514653647003,4.035827007954609,1.2228270251078894,0.018955619436232852,0.05541619541166091,0.09638798299919153,0.12509079923659513,0.11035699389698023,0.2148444180025006,0.17187007230685322,0.2801857462135369,0.18834610535224292,2384,0,0
075,19.786614936954415,0.018576413968331654,0.020255192064964594,0.01891120321267567,0.01799959661620925,,0.29414889501985836,0.2933930074775451,0.08254163298028497,0.19860873354209835,0.19880840636677996,0.08706541335217483,0.041510131104817743,0.03606256265164939,0.02805910943106501,0.00999699146940045,0.004922471080482402,1.9005524050851923,1.7334639753801984,-0.7600377566573119,6.411185145009551,-7.531133120331235,5.408545011941552,3.0657292496489323,5.1416297328091245,1.1971452333585049,0.030640148918597603,0.03957920850093081,0.10476485974012967,0.07771882117879945,0.13827005948427956,0.004863394159668187,0.024284797983539122,0.006166692916165148,0.02545681914147971,4063,0,0
076,5.852299117510451,0.009201253237523636,0.015341048480242285,0.017737007960334766,0.026752213871134186,,0.4366349374724962,0.39873997051832627,0.03697069897270457,0.4512662775652125,0.45214140159142796,0.031423727049717645,0.020450247965587483,0.016069578542703754,0.02660432677621328,0.014693750534482781,0.007428040854224698,0.9365357665861314,1.0645504173876545,-1.1340597730788022,6.136115687575847,-1.186794631025549,3.3146870516852864,0.624037682483476,5.51957794040245,1.2045432225132608,0.0255965855634304,0.02399369055559723,0.0516262377020144,0.03003459564394909,0.05250527980969576,0.007232842736509644,0.03227722714758157,0.009653315837499123,0.041148333147305614,2154,0,0
078,19.42714819427148,0.01985072635414543,0.018165722899839924,0.023057829635029375,0.017915651460598616,,0.2308149971262112,0.22887285767236729,0.05062186638625,0.23411902884964392,0.22555835291087034,0.05625440118383788,0.08457500489009863,0.08922130144863188,0.024660779883907663,0.0072031878871902785,0.0012449424214130097,1.6269483943223284,1.554352794285124,-1.3791878914327638,7.844150562813316,-2.675394299515993,5.873239673181399,0.14349283719388375,6.511813470498559,1.2013447771479027,0.034003938175633554,0.16806034159217353,0.12911562221924505,0.041755315085741554,0.07512845234972103,0.18685014068191222,0.2140756178591175,0.09359271138510351,0.1255259309454289,3213,0,1
079,11.472742066720912,0.017446396185171197,0.024048971848639147,0.013076136000909669,0.014795419778697694,,0.3965283977243053,0.3840301165544482,0.0406088364618818,0.2695807515376592,0.27056128345761565,0.038509579428281294,0.024819335795108474,0.0224290022641539,0.02970030116892238,0.010911692853980626,0.006512006512006512,1.700620228729762,2.4039758399483904,14.09641825586048,10.560848337010404,-10.186574228738666,4.972586332375045,1.813627982943758,5.190229235282525,1.2857088249875706,0.027156704769912738,0.09051574326536702,0.08582640031773196,0.13309371985782362,0.13188705694211236,0.03769531253276002,0.09120760000731655,0.04224278480853,0.10618802057075741,2457,0,0
080,3.5928143712574854,0.015856755768668192,0.02430206361398308,0.022611682367660667,0.033761159167987324,,0.44929630060348824,0.43865319969531824,0.06961453917266366,0.23153440389398108,0.2452024399429956,0.08005647435822659,0.014482030085357913,0.0133148567544948,0.029863584302117496,0.009466476218550623,0.029379760609358,1.5378300108870153,1.9102412370687727,4.822042184117502,8.591671483052332,-10.814474334476174,4.7633278045799345,0.34750167218022254,6.390409128511422,1.187052934097128,0.02306377370784222,0.07264526158557974,0.11816938793685233,0.06905978234208385,0.10176816943482185,0.006456166058321608,0.02044670013448458,0.006728967563243518,0.025251157301720163,1838,0,0
001,31.987814166031985,0.009946716673576024,0.013097161601099165,0.017725793922110447,0.02071260562170175,,0.5282556913795923,0.4907490732463812,0.025099845385095566,0.3953973038290809,0.39603656668678283,0.023307686006718974,0.01218952699503686,0.009695936905136041,0.019106402068172355,0.008984108440108224,0.00723258469737343,1.4248155841019003,1.4387192868075744,-7.157057189129131,3.191290432714158,-1.2100141412007037,4.3858148111260205,-1.1911126527978075,1.6147895081426926,1.1401136292220524,0.024807019337856395,0.12217398246180877,0.1391281929509199,0.0930637260510749,0.09236392625196269,0.18308464290053694,0.19312690229666618,0.19732063959023682,0.20746419439414454,2627,1,1
003,3.748047891723061,0.014937494854917074,0.01417272236352962,0.024780089005712887,0.022354194074357472,,0.28604243063030216,0.28171339032922404,0.1299297427105639,0.1952542093405578,0.19505996759015046,0.12904952751602025,0.05069980679005443,0.04063846297742645,0.026404579363343898,0.010132619198021723,0.07157784743991641,1.1002561568151168,1.3254204446151314,-3.5493031281329763,8.197572294725411,7.029104891411479,5.038882088230438,7.694733852056384,3.521844954186992,1.191367908954122,0.033972698535242485,0.006545965697073432,0.012549152966295529,0.02452451292748486,0.025549541134048556,0.009483678318256345,0.0321257457907564,0.018237315421607073,0.05733252559244779,1914,1,1
020,24.846248462484624,0.009817015522918662,0.0063909162126245655,0.01590699073456294,0.009156064976173993,,0.3591391423808747,0.35618199203163387,0.11204813874148206,0.15278275328159682,0.14631704646315363,0.10979045394725274,0.03050200276956588,0.026234932810752308,0.02182166548574641,0.011908416582259518,0.03934426229508197,1.3157201015860098,1.2664923908603114,-1.271244733837852,6.368257765896976,-0.591286087815209,3.500313044575907,2.1134837065350083,5.172991823037544,1.1286401519521339,0.023599332437836736,0.018216909709795413,0.055838280400366806,0.019627229373789485,0.059550383291975074,0.2819757255652087,0.2909571260046572,0.283773708324812,0.2862855799566909,2440,1,1
027,37.63313609467456,0.05066873136202651,0.03336147646139736,0.06399278857154851,0.04025601388284479,,0.299858818518891,0.28338826336231,0.028386032625404838,0.4889181846560329,0.48821988491997365,0.026337153712021215,0.043435200709979596,0.03388979720579707,0.032812871016466134,0.02317063076856585,0.06545741324921135,1.076583351786514,1.0816563671364818,0.9367708103900527,7.065471183134117,5.744928097908709,2.9658326613898747,6.516436233964149,5.477966999322841,1.1561244119793082,0.026416389464809703,0.11138950513523357,0.09385987798172733,0.058708256805494734,0.08108718732442424,0.21916533343324776,0.2159843226051414,0.1931074332574708,0.1903770898385292,2536,1,1
032,11.650485436893202,0.0049481457567956905,0.015794744268677142,0.004439447888081027,0.013510571077793717,,0.41174288948654975,0.40419044499009826,0.05721228271584289,0.35472801667739057,0.35979424505894797,0.05110624756166646,0.03867844292114087,0.032557306125253815,0.029207738924549188,0.01774510432393229,0.056615981882885795,2.4877408647827868,2.1912133162435867,3.855803103093088,10.151868950562342,-10.815377884146413,6.811309227041714,1.6345639629108728,7.425504253187856,1.2771698001209335,0.039400818055258566,0.03158593390007623,0.043343125042781115,0.025044194833336045,0.036337225244769435,0.02289085018729477,0.09612954713521737,0.020589894574837758,0.0852743718873027,3091,1,1
033,6.6749072929542645,0.4923951861063819,0.1526510360054776,0.462493554692109,0.1546000068116685,,0.30337355202472344,0.29060824958054166,0.11160766433155693,0.2120402527400165,0.20216977977895476,0.11097706105352113,0.04277150851166436,0.04661110185827068,0.025947060602687765,0.009905646750477327,0.032736256948733784,1.3118116701153357,1.4872341581815116,-3.9568240788389617,5.7967989377563365,-3.3715839146913327,3.6762489145318002,4.180295972813351,5.918177835511688,1.3521987860993592,0.026859636417646153,0.1261421506794085,0.09225148532183577,0.07403287167744733,0.055567484888870804,0.07314173154382052,0.12179219851899811,0.05621409698708233,0.09736801270850153,1619,1,1
042,30.835117773019267,0.14717555427280993,0.0905559476242167,0.12015383429312057,0.07868874125447164,,0.34401902243885657,0.35064790439739657,0.0681316084648157,0.2697706228792515,0.27037306208240236,0.07026976233276636,0.029241931540124146,0.028744123655597097,0.027940553560934726,0.015660300033263377,0.0,1.356917181002985,1.5453254328427528,-1.65980985203577,6.251248043641469,-5.083616049586032,4.124325963448445,3.202580972190213,5.613546281780919,1.2622042174260204,0.023165371267097265,0.1050715886708947,0.13895494937585592,0.03031246966256079,0.05566802024132944,0.0016841880659931247,0.007492552407569621,0.0008911255783490721,0.004195098904926775,1869,1,1
043,0.6131834440470108,0.03020302853387694,0.030290265644271938,0.014553036502427142,0.017889954995064225,,0.2533676824470615,0.23830246565001612,0.0521255021959313,0.15610361205289316,0.14669808206912816,0.054998038786123825,0.036784425640642354,0.04032413780772954,0.019951730067113965,0.0061364404457932,0.06281920326864147,0.8582136396800354,0.9083131331351755,-4.315811118096032,5.10576136753165,1.0537025481205629,3.5506756132755006,-3.121171408478017,4.118198721187507,1.1695592947098767,0.024098883804258776,0.08583263023989512,0.042076152233644935,0.019796228478460517,0.020276314660613443,0.2558335816111371,0.2728894714016441,0.18461576630606782,0.24678703423920823,1958,1,1
049,18.897637795275593,0.01555921607631085,0.009482665228913462,0.01762523676818981,0.008962062911421391,,0.3362904303204313,0.3224541221860318,0.11661133060858137,0.10641025031502296,0.10979208971062121,0.10807097581052841,0.02858901760790646,0.026561422558776474,0.024255675610130062,0.009428429237555765,0.0,1.2484911527108522,1.1893959333666546,-2.397189204871944,5.454402723888903,-3.5396886414419253,2.8113323720849595,-1.2940820458506808,4.1748422285509434,1.243103987873322,0.017482643551880183,0.06473764076436583,0.09189622530256711,0.08303632145605476,0.10366406445470866,0.003324159063894147,0.015658652961617035,0.003267865577442369,0.013537337361561754,1652,1,0
051,21.24938514510575,0.009541029960296429,0.02595567357496624,0.030617539014948177,0.04843770429490523,,0.3777941734855538,0.37041820926427316,0.06236155240073012,0.18086290074546982,0.18798261656220708,0.07070055784671181,0.044725557729766774,0.032705774813266746,0.02336721513112627,0.011225341525127702,0.1223541559112029,2.0851586448468127,2.8687872249702036,-2.6111790514822757,10.05830257875938,-1.1618639445607875,9.283387428458548,4.156379403982394,8.019148897917443,1.210031208575972,0.045580400021262964,0.03548779015971698,0.07137036124587624,0.04457815383994222,0.05571251375201985,0.014816917647140332,0.07837454600039634,0.014960386046956674,0.07381891694222313,1937,1,1
055,34.02796096016882,0.016202564475568466,0.04750260221587963,0.006760601163831938,0.01698208658997355,,0.27292939823097256,0.2735188680839477,0.0868627934141304,0.13220285608430485,0.12277288858951065,0.07601660405928858,0.04623729222495146,0.04078977460676277,0.01780627790276604,0.011134472150138906,0.0,0.7636594615444962,0.970231153039003,-1.6161696854512155,3.814336277353361,4.153369366089894,3.66699018677691,0.5061971198809698,1.9131334349153564,1.166296073121612,0.026270692832610312,0.033085719149373756,0.03405640087813819,0.01008893077467499,0.016164665221687788,0.10483654327817588,0.20353956414501473,0.08476998395070105,0.1871834084370191,3792,1,1
056,15.06276150627615,0.013163163674660713,0.008984494851167493,0.022747675914459347,0.015072563659406986,,0.3955659180488523,0.3765025714304047,0.13962008065517484,0.09203070575409947,0.10361357542286136,0.1340147996009918,0.025498504698820278,0.020703579343166724,0.023291580219698946,0.006700511080352456,0.0029276453366792136,1.3271163337088168,1.7203008250528324,3.846625420078908,4.307111911205653,-3.9792444637666144,5.629593300511572,-0.3321497873908554,5.3620303191465855,1.2488853204504609,0.029917429621866415,0.12030751631095986,0.09578754072256132,0.16017370500256087,0.12146318315538188,0.09114750903267993,0.16754425906886244,0.10796587467670554,0.19089430401405424,2391,1,0
060,25.58271745309835,0.009557805752113133,0.009998707003585615,0.006240195176124788,0.0068849552246494335,,0.1884145835922523,0.1848268054901961,0.07201986320294303,0.18511274728199087,0.1820493515546497,0.06262878274267429,0.06283778942875373,0.06482651958093893,0.023774014224049594,0.00842811212890768,0.0,1.135966550362559,1.1975555124149841,1.1714309035649586,7.414103109476824,-1.8344297978249167,3.268677568486779,3.7685818090102243,4.245752722318459,1.219272245466709,0.025211372041148844,0.14066805879827535,0.10495002205736759,0.03477504258063908,0.04850397102763261,0.0686171207529611,0.17700745593792339,0.03676980966720433,0.1128616302907729,1760,1,1
061,14.12595644496763,0.05507160774834216,0.04403419191342621,0.08456744475427316,0.049806868394549654,,0.21988244420690142,0.21608973079914226,0.027570282699136434,0.3342851732916298,0.3313007453907523,0.034899373909020426,0.0622843380061327,0.05410153400745958,0.03132398101302791,0.012134836884142606,0.0,1.3204921537786742,1.5460004997408001,3.1255147363856284,5.718112371897277,0.6563729571897323,4.607199805669518,-0.66383003372459,2.9476396544475945,1.1613994694766174,0.02671918189202467,0.02323329755885359,0.033237700994025905,0.04510372584318799,0.05291901220782096,0.004368668812623571,0.02238500344747091,0.0062549229704988735,0.031610393452437886,3399,1,1
063,1.8795683954054996,0.05122826108451762,0.03937062115414417,0.05484481641146819,0.03726258373612963,,0.17654840396257038,0.15544262865724182,0.09284660414733995,0.17624172602788102,0.17642941463284362,0.09841441898458869,0.07144209753701537,0.08180837508546358,0.0279536307850955,0.008233501345446927,0.009046624913013222,1.0630421470505802,1.4008957837754512,9.729041774473986,8.901070343137713,0.6729247806020945,5.232633373310336,-8.86234255116005,5.517938190010933,1.2117071768311718,0.039288967756583235,0.03650842370702583,0.06465389452223812,0.09780787014172049,0.11978498774139655,0.267269123190358,0.2616513454888633,0.2960693312675698,0.27373430303273244,2874,1,1
065,29.2332268370607,0.04752381166289533,0.053310666094343824,0.04406190402941065,0.04900430052643404,,0.4053263781249666,0.3974134847640769,0.08767167934341677,0.2605100671636731,0.2884428736525455,0.10913852147777467,0.021105841198258868,0.0169067839622489,0.030396461205523275,0.010541075967643372,0.006920415224913495,1.6800225626907446,1.7080498754053168,2.4285309958863954,8.500357031202725,-10.354826571443633,5.869539332531717,-3.152544679874729,8.182366773848422,1.2089151205901043,0.04424468082790147,0.07453907020188778,0.08425461077227053,0.07493487796669349,0.07638126767561258,0.008966443844058656,0.032426039748043166,0.008169828488633037,0.029900419447380536,3757,1,0
067,18.934509670851714,0.030577790240051146,0.023127247504517594,0.07613162959234114,0.047363253092477645,,0.41062162397841434,0.3929962889567763,0.04514894943577112,0.4402732248127193,0.43992586651706883,0.04935788802404569,0.023559064628988113,0.0180618765902246,0.032174723183742863,0.014431847657741302,0.0020422055820285907,1.4557659153997098,1.4964691119265774,4.718535045458548,9.113424815880832,-8.367296177351346,6.926490085400789,1.6623536787792508,5.6995997701795345,1.2508149811246105,0.031002406523002835,0.055005869003816904,0.07863680978333419,0.06044546275544372,0.08533981407569745,0.003214270894805138,0.015501333371154736,0.0030157933868347375,0.012116561060892416,2938,1,1
073,12.151452891106546,0.017048077617162406,0.031784505565554344,0.016022334071930027,0.029985090224172967,,0.3906393152762187,0.37783947203170615,0.0843100234634678,0.19357442620693432,0.19114527914293852,0.07980658126551458,0.027780538296034316,0.0265043965284494,0.022147657954361685,0.010167239075875797,0.005868544600938967,1.929616994472599,2.158771386359063,2.5007750655702337,7.330990336733321,-3.0739390281573002,5.428848448356199,-5.539298958435608,7.741496299153707,1.1882668459009675,0.03642396330978523,0.12003186008497267,0.1410338226177974,0.13441825375403468,0.16394035751383823,0.1824708154011999,0.26499089786226276,0.19277425093472433,0.27958975628771565,3408,1,1
077,25.934263845114813,0.04401542295972774,0.0374010208986581,0.06931611865530048,0.0564093230157066,,0.43916770645344344,0.4160619861279504,0.0894340058406928,0.15403274894248975,0.13484610869541566,0.07635559030375959,0.03660862541791684,0.035752317192838515,0.01917882342348177,0.009840892232102138,0.0,0.9751127838992315,0.8985446511372165,2.1429590079872693,5.265382350600996,-2.7407812901355935,5.3155976882211275,-3.73786550000206,6.912460321508687,1.310520225983284,0.04423196690759852,0.044915338552852006,0.10270444043245738,0.05735607550474861,0.1333321059983901,0.32001741053241306,0.2145651361111698,0.31959342538191776,0.21438219393961494,2222,1,1
