architecture,fold,n_fit,n_calib,n_val,n_features,auc,best_calib_loss,epochs_used
bilstm,0,48,16,16,30,0.6727272727272727,0.5600146949291229,19
bilstm,1,48,16,16,30,0.6666666666666667,0.5322806686162949,27
bilstm,2,48,16,16,30,0.625,0.47885069251060486,30
bilstm,3,48,16,16,30,0.5208333333333333,0.4926912188529968,28
bilstm,4,48,16,16,30,0.6458333333333333,0.48689331114292145,31
bilstm,5,48,16,16,30,0.509090909090909,0.4632023572921753,28
bilstm,6,48,16,16,30,0.9166666666666666,0.6081992238759995,22
bilstm,7,48,16,16,30,0.5833333333333333,0.6065047681331635,17
bilstm,8,48,16,16,30,0.45833333333333337,0.4937499463558197,27
bilstm,9,48,16,16,30,0.6875,0.5114915519952774,25
bilstm,10,48,16,16,30,0.6,0.5963501483201981,20
bilstm,11,48,16,16,30,0.7708333333333334,0.49598345160484314,29
bilstm,12,48,16,16,30,0.8333333333333333,0.45463232696056366,25
bilstm,13,48,16,16,30,0.5625,0.49210940301418304,30
bilstm,14,48,16,16,30,0.5,0.35743407905101776,31
bigru,0,48,16,16,30,0.5636363636363636,0.5295477658510208,21
bigru,1,48,16,16,30,0.6458333333333334,0.5556012392044067,23
bigru,2,48,16,16,30,0.6666666666666667,0.4737037718296051,43
bigru,3,48,16,16,30,0.6875,0.44506126642227173,39
bigru,4,48,16,16,30,0.7083333333333333,0.5154195129871368,25
bigru,5,48,16,16,30,0.709090909090909,0.2721744254231453,47
bigru,6,48,16,16,30,0.8958333333333334,0.6112007796764374,19
bigru,7,48,16,16,30,0.5625,0.6200270354747772,17
bigru,8,48,16,16,30,0.6041666666666667,0.5255071669816971,29
bigru,9,48,16,16,30,0.6458333333333333,0.3638477325439453,41
bigru,10,48,16,16,30,0.7272727272727273,0.6415795981884003,16
bigru,11,48,16,16,30,0.8333333333333333,0.49518105387687683,35
bigru,12,48,16,16,30,0.7916666666666666,0.4503832906484604,38
bigru,13,48,16,16,30,0.5,0.513028472661972,31
bigru,14,48,16,16,30,0.6041666666666666,0.35708512365818024,53
cnn1d,0,48,16,16,30,0.6727272727272727,0.6157572865486145,13
cnn1d,1,48,16,16,30,0.5625,0.5854949355125427,15
cnn1d,2,48,16,16,30,0.7916666666666666,0.5616763085126877,13
cnn1d,3,48,16,16,30,0.3958333333333333,0.5687263309955597,12
cnn1d,4,48,16,16,30,0.7291666666666667,0.5387204587459564,20
cnn1d,5,48,16,16,30,0.5636363636363637,0.41195298731327057,36
cnn1d,6,48,16,16,30,0.7083333333333333,0.5428590774536133,14
cnn1d,7,48,16,16,30,0.7083333333333334,0.5182164907455444,14
cnn1d,8,48,16,16,30,0.3541666666666667,0.49752581119537354,16
cnn1d,9,48,16,16,30,0.625,0.5941809117794037,15
cnn1d,10,48,16,16,30,0.6181818181818182,0.5421991050243378,13
cnn1d,11,48,16,16,30,0.4375,0.4966585338115692,15
cnn1d,12,48,16,16,30,0.5833333333333333,0.5106867849826813,30
cnn1d,13,48,16,16,30,0.6666666666666667,0.5409767329692841,15
cnn1d,14,48,16,16,30,0.4791666666666667,0.40795548260211945,27
cnn_bigru,0,48,16,16,30,0.6727272727272726,0.5216866135597229,19
cnn_bigru,1,48,16,16,30,0.6666666666666667,0.5281002521514893,17
cnn_bigru,2,48,16,16,30,0.625,0.5003865361213684,19
cnn_bigru,3,48,16,16,30,0.6666666666666667,0.39155906438827515,26
cnn_bigru,4,48,16,16,30,0.625,0.4858865439891815,29
cnn_bigru,5,48,16,16,30,0.6181818181818183,0.42157159745693207,25
cnn_bigru,6,48,16,16,30,0.9166666666666666,0.5954674333333969,14
cnn_bigru,7,48,16,16,30,0.5833333333333334,0.6010093539953232,13
cnn_bigru,8,48,16,16,30,0.39583333333333337,0.49251145124435425,20
cnn_bigru,9,48,16,16,30,0.45833333333333337,0.41866807639598846,22
cnn_bigru,10,48,16,16,30,0.6363636363636364,0.6069587469100952,12
cnn_bigru,11,48,16,16,30,0.7916666666666666,0.4738183468580246,21
cnn_bigru,12,48,16,16,30,0.8125,0.505888968706131,23
cnn_bigru,13,48,16,16,30,0.7083333333333333,0.5284673720598221,21
cnn_bigru,14,48,16,16,30,0.5833333333333334,0.2855424154549837,37
mlp_meanpool,0,48,16,16,30,0.8181818181818182,0.601801186800003,32
mlp_meanpool,1,48,16,16,30,0.6458333333333333,0.5682340264320374,43
mlp_meanpool,2,48,16,16,30,0.7083333333333333,0.5433035790920258,41
mlp_meanpool,3,48,16,16,30,0.41666666666666663,0.6093069314956665,43
mlp_meanpool,4,48,16,16,30,0.75,0.5979655981063843,60
mlp_meanpool,5,48,16,16,30,0.6000000000000001,0.5148171633481979,60
mlp_meanpool,6,48,16,16,30,0.6874999999999999,0.5260435938835144,60
mlp_meanpool,7,48,16,16,30,0.7291666666666667,0.5213392525911331,54
mlp_meanpool,8,48,16,16,30,0.22916666666666669,0.4566427916288376,60
mlp_meanpool,9,48,16,16,30,0.7916666666666667,0.5932336151599884,56
mlp_meanpool,10,48,16,16,30,0.5090909090909091,0.538608193397522,52
mlp_meanpool,11,48,16,16,30,0.6875,0.5099993646144867,53
mlp_meanpool,12,48,16,16,30,0.7708333333333334,0.5436819791793823,60
mlp_meanpool,13,48,16,16,30,0.5416666666666666,0.5816125273704529,47
mlp_meanpool,14,48,16,16,30,0.5,0.4259283244609833,60
