architecture,fold,n_fit,n_calib,n_val,n_features,auc,f1_macro_thr05,best_calib_loss,epochs_used
bilstm,0,48,16,16,30,0.6727272727272727,0.4074074074074074,0.5600146949291229,19
bilstm,1,48,16,16,30,0.6666666666666667,0.5428571428571429,0.5322806686162949,27
bilstm,2,48,16,16,30,0.625,0.42857142857142855,0.47885069251060486,30
bilstm,3,48,16,16,30,0.5208333333333333,0.42857142857142855,0.4926912188529968,28
bilstm,4,48,16,16,30,0.6458333333333333,0.6666666666666667,0.48689331114292145,31
bilstm,5,48,16,16,30,0.509090909090909,0.5897435897435898,0.4632023572921753,28
bilstm,6,48,16,16,30,0.9166666666666666,0.5897435897435898,0.6081992238759995,22
bilstm,7,48,16,16,30,0.5833333333333333,0.42857142857142855,0.6065047681331635,17
bilstm,8,48,16,16,30,0.45833333333333337,0.4074074074074074,0.4937499463558197,27
bilstm,9,48,16,16,30,0.6875,0.7948717948717949,0.5114915519952774,25
bilstm,10,48,16,16,30,0.6,0.4074074074074074,0.5963501483201981,20
bilstm,11,48,16,16,30,0.7708333333333334,0.5897435897435898,0.49598345160484314,29
bilstm,12,48,16,16,30,0.8333333333333333,0.5897435897435898,0.45463232696056366,25
bilstm,13,48,16,16,30,0.5625,0.5897435897435898,0.49210940301418304,30
bilstm,14,48,16,16,30,0.5,0.4074074074074074,0.35743407905101776,31
bilstm,15,48,16,16,30,0.5818181818181818,0.4074074074074074,0.5004510283470154,22
bilstm,16,48,16,16,30,0.6666666666666667,0.7257142857142858,0.3177575021982193,45
bilstm,17,48,16,16,30,0.875,0.7948717948717949,0.45450063049793243,28
bilstm,18,48,16,16,30,0.7291666666666666,0.42857142857142855,0.48231571912765503,27
bilstm,19,48,16,16,30,0.7291666666666667,0.5428571428571429,0.5680406987667084,27
bilstm,20,48,16,16,30,0.7272727272727273,0.5,0.5159270018339157,23
bilstm,21,48,16,16,30,0.4791666666666667,0.5897435897435898,0.4642713665962219,29
bilstm,22,48,16,16,30,0.5833333333333334,0.6444444444444444,0.5542711019515991,26
bilstm,23,48,16,16,30,0.47916666666666663,0.6444444444444444,0.41534414887428284,29
bilstm,24,48,16,16,30,0.7291666666666666,0.4074074074074074,0.39682307839393616,30
bigru,0,48,16,16,30,0.5636363636363636,0.5428571428571429,0.5295477658510208,21
bigru,1,48,16,16,30,0.6458333333333334,0.7257142857142858,0.5556012392044067,23
bigru,2,48,16,16,30,0.6666666666666667,0.5897435897435898,0.4737037718296051,43
bigru,3,48,16,16,30,0.6875,0.5897435897435898,0.44506126642227173,39
bigru,4,48,16,16,30,0.7083333333333333,0.6444444444444444,0.5154195129871368,25
bigru,5,48,16,16,30,0.709090909090909,0.6666666666666667,0.2721744254231453,47
bigru,6,48,16,16,30,0.8958333333333334,0.7257142857142858,0.6112007796764374,19
bigru,7,48,16,16,30,0.5625,0.4074074074074074,0.6200270354747772,17
bigru,8,48,16,16,30,0.6041666666666667,0.4074074074074074,0.5255071669816971,29
bigru,9,48,16,16,30,0.6458333333333333,0.6135265700483092,0.3638477325439453,41
bigru,10,48,16,16,30,0.7272727272727273,0.5428571428571429,0.6415795981884003,16
bigru,11,48,16,16,30,0.8333333333333333,0.7257142857142858,0.49518105387687683,35
bigru,12,48,16,16,30,0.7916666666666666,0.5897435897435898,0.4503832906484604,38
bigru,13,48,16,16,30,0.5,0.5428571428571429,0.513028472661972,31
bigru,14,48,16,16,30,0.6041666666666666,0.5428571428571429,0.35708512365818024,53
bigru,15,48,16,16,30,0.49090909090909085,0.38461538461538464,0.5209590196609497,23
bigru,16,48,16,16,30,0.625,0.36,0.5723118782043457,39
bigru,17,48,16,16,30,0.7916666666666666,0.7257142857142858,0.46964818239212036,40
bigru,18,48,16,16,30,0.6875,0.42857142857142855,0.48163989186286926,27
bigru,19,48,16,16,30,0.6458333333333333,0.7257142857142858,0.5106953084468842,37
bigru,20,48,16,16,30,0.6181818181818182,0.36,0.46412864327430725,27
bigru,21,48,16,16,30,0.5625,0.6135265700483092,0.41520264744758606,36
bigru,22,48,16,16,30,0.5833333333333333,0.6444444444444444,0.6461341381072998,17
bigru,23,48,16,16,30,0.7916666666666666,0.42857142857142855,0.5525659173727036,25
bigru,24,48,16,16,30,0.7708333333333333,0.7257142857142858,0.35365381836891174,39
cnn1d,0,48,16,16,30,0.6727272727272727,0.4074074074074074,0.6157572865486145,13
cnn1d,1,48,16,16,30,0.5625,0.4074074074074074,0.5854949355125427,15
cnn1d,2,48,16,16,30,0.7916666666666666,0.42857142857142855,0.5616763085126877,13
cnn1d,3,48,16,16,30,0.3958333333333333,0.42857142857142855,0.5687263309955597,12
cnn1d,4,48,16,16,30,0.7291666666666667,0.42857142857142855,0.5387204587459564,20
cnn1d,5,48,16,16,30,0.5636363636363637,0.36,0.41195298731327057,36
cnn1d,6,48,16,16,30,0.7083333333333333,0.42857142857142855,0.5428590774536133,14
cnn1d,7,48,16,16,30,0.7083333333333334,0.42857142857142855,0.5182164907455444,14
cnn1d,8,48,16,16,30,0.3541666666666667,0.42857142857142855,0.49752581119537354,16
cnn1d,9,48,16,16,30,0.625,0.42857142857142855,0.5941809117794037,15
cnn1d,10,48,16,16,30,0.6181818181818182,0.4074074074074074,0.5421991050243378,13
cnn1d,11,48,16,16,30,0.4375,0.42857142857142855,0.4966585338115692,15
cnn1d,12,48,16,16,30,0.5833333333333333,0.5897435897435898,0.5106867849826813,30
cnn1d,13,48,16,16,30,0.6666666666666667,0.42857142857142855,0.5409767329692841,15
cnn1d,14,48,16,16,30,0.4791666666666667,0.42857142857142855,0.40795548260211945,27
cnn1d,15,48,16,16,30,0.8545454545454545,0.4074074074074074,0.5230250805616379,18
cnn1d,16,48,16,16,30,0.375,0.4074074074074074,0.5151327848434448,18
cnn1d,17,48,16,16,30,0.5625,0.42857142857142855,0.47745661437511444,24
cnn1d,18,48,16,16,30,0.6666666666666666,0.42857142857142855,0.5027686506509781,16
cnn1d,19,48,16,16,30,0.6041666666666666,0.42857142857142855,0.516876295208931,14
cnn1d,20,48,16,16,30,0.5636363636363637,0.4074074074074074,0.49057891964912415,14
cnn1d,21,48,16,16,30,0.75,0.42857142857142855,0.5232598781585693,17
cnn1d,22,48,16,16,30,0.625,0.42857142857142855,0.48689091205596924,23
cnn1d,23,48,16,16,30,0.5833333333333334,0.42857142857142855,0.5326824486255646,19
cnn1d,24,48,16,16,30,0.4166666666666667,0.42857142857142855,0.4819674640893936,25
cnn_bigru,0,48,16,16,30,0.6727272727272726,0.4074074074074074,0.5216866135597229,19
cnn_bigru,1,48,16,16,30,0.6666666666666667,0.4074074074074074,0.5281002521514893,17
cnn_bigru,2,48,16,16,30,0.625,0.42857142857142855,0.5003865361213684,19
cnn_bigru,3,48,16,16,30,0.6666666666666667,0.5428571428571429,0.39155906438827515,26
cnn_bigru,4,48,16,16,30,0.625,0.6135265700483092,0.4858865439891815,29
cnn_bigru,5,48,16,16,30,0.6181818181818183,0.5897435897435898,0.42157159745693207,25
cnn_bigru,6,48,16,16,30,0.9166666666666666,0.42857142857142855,0.5954674333333969,14
cnn_bigru,7,48,16,16,30,0.5833333333333334,0.42857142857142855,0.6010093539953232,13
cnn_bigru,8,48,16,16,30,0.39583333333333337,0.4074074074074074,0.49251145124435425,20
cnn_bigru,9,48,16,16,30,0.45833333333333337,0.36,0.41866807639598846,22
cnn_bigru,10,48,16,16,30,0.6363636363636364,0.4074074074074074,0.6069587469100952,12
cnn_bigru,11,48,16,16,30,0.7916666666666666,0.42857142857142855,0.4738183468580246,21
cnn_bigru,12,48,16,16,30,0.8125,0.5897435897435898,0.505888968706131,23
cnn_bigru,13,48,16,16,30,0.7083333333333333,0.5897435897435898,0.5284673720598221,21
cnn_bigru,14,48,16,16,30,0.5833333333333334,0.5897435897435898,0.2855424154549837,37
cnn_bigru,15,48,16,16,30,0.6363636363636365,0.5897435897435898,0.5041911602020264,21
cnn_bigru,16,48,16,16,30,0.8125000000000001,0.42857142857142855,0.5752930343151093,15
cnn_bigru,17,48,16,16,30,0.75,0.4074074074074074,0.45091332495212555,20
cnn_bigru,18,48,16,16,30,0.6041666666666667,0.42857142857142855,0.515737920999527,20
cnn_bigru,19,48,16,16,30,0.8958333333333334,0.7257142857142858,0.4945852905511856,18
cnn_bigru,20,48,16,16,30,0.6727272727272727,0.5,0.5068741291761398,20
cnn_bigru,21,48,16,16,30,0.45833333333333337,0.45893719806763283,0.48971448838710785,22
cnn_bigru,22,48,16,16,30,0.5208333333333334,0.42857142857142855,0.5872404277324677,14
cnn_bigru,23,48,16,16,30,0.5416666666666666,0.6444444444444444,0.45018383860588074,24
cnn_bigru,24,48,16,16,30,0.6666666666666667,0.7257142857142858,0.32291606813669205,32
mlp_meanpool,0,48,16,16,30,0.8181818181818182,0.4074074074074074,0.601801186800003,32
mlp_meanpool,1,48,16,16,30,0.6458333333333333,0.5897435897435898,0.5682340264320374,43
mlp_meanpool,2,48,16,16,30,0.7083333333333333,0.6444444444444444,0.5433035790920258,41
mlp_meanpool,3,48,16,16,30,0.41666666666666663,0.42857142857142855,0.6093069314956665,43
mlp_meanpool,4,48,16,16,30,0.75,0.4074074074074074,0.5979655981063843,60
mlp_meanpool,5,48,16,16,30,0.6000000000000001,0.38461538461538464,0.5148171633481979,60
mlp_meanpool,6,48,16,16,30,0.6874999999999999,0.42857142857142855,0.5260435938835144,60
mlp_meanpool,7,48,16,16,30,0.7291666666666667,0.6444444444444444,0.5213392525911331,54
mlp_meanpool,8,48,16,16,30,0.22916666666666669,0.4074074074074074,0.4566427916288376,60
mlp_meanpool,9,48,16,16,30,0.7916666666666667,0.6444444444444444,0.5932336151599884,56
mlp_meanpool,10,48,16,16,30,0.5090909090909091,0.5897435897435898,0.538608193397522,52
mlp_meanpool,11,48,16,16,30,0.6875,0.6444444444444444,0.5099993646144867,53
mlp_meanpool,12,48,16,16,30,0.7708333333333334,0.6444444444444444,0.5436819791793823,60
mlp_meanpool,13,48,16,16,30,0.5416666666666666,0.42857142857142855,0.5816125273704529,47
mlp_meanpool,14,48,16,16,30,0.5,0.42857142857142855,0.4259283244609833,60
mlp_meanpool,15,48,16,16,30,0.9090909090909091,0.4074074074074074,0.574765145778656,60
mlp_meanpool,16,48,16,16,30,0.5625,0.5897435897435898,0.513629674911499,60
mlp_meanpool,17,48,16,16,30,0.6041666666666666,0.4074074074074074,0.4958358108997345,60
mlp_meanpool,18,48,16,16,30,0.625,0.6444444444444444,0.5108886063098907,60
mlp_meanpool,19,48,16,16,30,0.4583333333333333,0.4074074074074074,0.5435619801282883,60
mlp_meanpool,20,48,16,16,30,0.5272727272727273,0.45893719806763283,0.4800528585910797,60
mlp_meanpool,21,48,16,16,30,0.7083333333333334,0.4074074074074074,0.515285074710846,60
mlp_meanpool,22,48,16,16,30,0.6666666666666667,0.42857142857142855,0.5435567498207092,60
mlp_meanpool,23,48,16,16,30,0.5625,0.42857142857142855,0.5264513492584229,60
mlp_meanpool,24,48,16,16,30,0.4375,0.6444444444444444,0.48643267154693604,60
