architecture,fold,feature,auc_drop
bigru,0,AU01,0.018181818181818188
bigru,0,AU02,0.0
bigru,0,AU04,-0.07272727272727275
bigru,0,AU05,0.0
bigru,0,AU06,0.0
bigru,0,AU07,0.018181818181818188
bigru,0,AU09,0.018181818181818188
bigru,0,AU10,0.0
bigru,0,AU11,0.018181818181818188
bigru,0,AU12,0.018181818181818188
bigru,0,AU14,-0.018181818181818188
bigru,0,AU15,0.0
bigru,0,AU17,-0.036363636363636376
bigru,0,AU20,-0.07272727272727275
bigru,0,AU23,0.018181818181818188
bigru,0,AU24,0.0
bigru,0,AU25,-0.05454545454545445
bigru,0,AU26,0.0
bigru,0,AU28,0.0
bigru,0,AU43,0.0
bigru,0,Pitch,-0.018181818181818188
bigru,0,Roll,0.0
bigru,0,Yaw,-0.018181818181818188
bigru,0,anger,0.07272727272727275
bigru,0,disgust,0.0
bigru,0,fear,0.0
bigru,0,happiness,0.018181818181818188
bigru,0,sadness,0.018181818181818188
bigru,0,surprise,0.0
bigru,0,neutral,0.0
bigru,1,AU01,0.10416666666666663
bigru,1,AU02,0.0
bigru,1,AU04,0.0
bigru,1,AU05,0.08333333333333337
bigru,1,AU06,-0.04166666666666652
bigru,1,AU07,0.0
bigru,1,AU09,-0.02083333333333326
bigru,1,AU10,0.0625
bigru,1,AU11,0.04166666666666663
bigru,1,AU12,0.02083333333333337
bigru,1,AU14,0.02083333333333337
bigru,1,AU15,0.0
bigru,1,AU17,0.125
bigru,1,AU20,-0.0625
bigru,1,AU23,-0.02083333333333337
bigru,1,AU24,0.04166666666666663
bigru,1,AU25,0.0
bigru,1,AU26,0.0
bigru,1,AU28,0.04166666666666674
bigru,1,AU43,0.0
bigru,1,Pitch,0.0
bigru,1,Roll,0.0
bigru,1,Yaw,0.04166666666666674
bigru,1,anger,-0.02083333333333337
bigru,1,disgust,0.0
bigru,1,fear,0.0
bigru,1,happiness,-0.02083333333333326
bigru,1,sadness,0.04166666666666674
bigru,1,surprise,-0.02083333333333326
bigru,1,neutral,0.0
bigru,2,AU01,-0.02083333333333337
bigru,2,AU02,0.06249999999999989
bigru,2,AU04,-0.02083333333333348
bigru,2,AU05,-1.1102230246251565e-16
bigru,2,AU06,0.0
bigru,2,AU07,-0.02083333333333337
bigru,2,AU09,-0.02083333333333337
bigru,2,AU10,-0.02083333333333348
bigru,2,AU11,-0.02083333333333337
bigru,2,AU12,-0.04166666666666674
bigru,2,AU14,-1.1102230246251565e-16
bigru,2,AU15,-0.1250000000000001
bigru,2,AU17,-1.1102230246251565e-16
bigru,2,AU20,0.125
bigru,2,AU23,-0.04166666666666674
bigru,2,AU24,-0.02083333333333337
bigru,2,AU25,-1.1102230246251565e-16
bigru,2,AU26,-0.02083333333333337
bigru,2,AU28,-0.02083333333333337
bigru,2,AU43,0.02083333333333337
bigru,2,Pitch,-0.04166666666666663
bigru,2,Roll,-1.1102230246251565e-16
bigru,2,Yaw,-0.04166666666666674
bigru,2,anger,0.20833333333333331
bigru,2,disgust,-1.1102230246251565e-16
bigru,2,fear,0.0
bigru,2,happiness,-0.04166666666666674
bigru,2,sadness,0.04166666666666663
bigru,2,surprise,0.0
bigru,2,neutral,0.02083333333333337
bigru,3,AU01,0.02083333333333326
bigru,3,AU02,-0.02083333333333337
bigru,3,AU04,0.0
bigru,3,AU05,0.04166666666666663
bigru,3,AU06,-0.125
bigru,3,AU07,-0.04166666666666663
bigru,3,AU09,0.0
bigru,3,AU10,0.0
bigru,3,AU11,0.0
bigru,3,AU12,0.02083333333333337
bigru,3,AU14,0.02083333333333337
bigru,3,AU15,0.02083333333333337
bigru,3,AU17,0.02083333333333337
bigru,3,AU20,0.10416666666666663
bigru,3,AU23,0.14583333333333337
bigru,3,AU24,-0.02083333333333326
bigru,3,AU25,0.0
bigru,3,AU26,0.02083333333333337
bigru,3,AU28,-0.06250000000000011
bigru,3,AU43,-0.04166666666666674
bigru,3,Pitch,-0.04166666666666663
bigru,3,Roll,-0.02083333333333326
bigru,3,Yaw,-0.02083333333333326
bigru,3,anger,0.02083333333333326
bigru,3,disgust,-0.02083333333333337
bigru,3,fear,0.0
bigru,3,happiness,-0.04166666666666663
bigru,3,sadness,-0.02083333333333326
bigru,3,surprise,0.0
bigru,3,neutral,0.08333333333333337
bigru,4,AU01,-1.1102230246251565e-16
bigru,4,AU02,-0.02083333333333348
bigru,4,AU04,0.08333333333333326
bigru,4,AU05,-1.1102230246251565e-16
bigru,4,AU06,0.0
bigru,4,AU07,0.0625
bigru,4,AU09,0.0
bigru,4,AU10,-1.1102230246251565e-16
bigru,4,AU11,0.04166666666666663
bigru,4,AU12,-0.04166666666666674
bigru,4,AU14,0.02083333333333337
bigru,4,AU15,-0.02083333333333348
bigru,4,AU17,0.04166666666666663
bigru,4,AU20,-1.1102230246251565e-16
bigru,4,AU23,-0.04166666666666674
bigru,4,AU24,0.10416666666666663
bigru,4,AU25,0.02083333333333337
bigru,4,AU26,0.02083333333333326
bigru,4,AU28,0.04166666666666663
bigru,4,AU43,0.0
bigru,4,Pitch,-0.10416666666666663
bigru,4,Roll,0.06249999999999989
bigru,4,Yaw,0.04166666666666663
bigru,4,anger,0.10416666666666663
bigru,4,disgust,0.02083333333333337
bigru,4,fear,0.0
bigru,4,happiness,0.0625
bigru,4,sadness,-0.02083333333333348
bigru,4,surprise,0.0
bigru,4,neutral,0.08333333333333337
bigru,5,AU01,0.036363636363636265
bigru,5,AU02,-0.018181818181818188
bigru,5,AU04,0.12727272727272732
bigru,5,AU05,0.054545454545454564
bigru,5,AU06,-0.018181818181818188
bigru,5,AU07,0.036363636363636265
bigru,5,AU09,0.036363636363636265
bigru,5,AU10,0.018181818181818077
bigru,5,AU11,0.10909090909090913
bigru,5,AU12,0.07272727272727275
bigru,5,AU14,0.036363636363636376
bigru,5,AU15,0.018181818181818188
bigru,5,AU17,0.054545454545454564
bigru,5,AU20,0.10909090909090913
bigru,5,AU23,0.018181818181818188
bigru,5,AU24,0.07272727272727264
bigru,5,AU25,-0.018181818181818188
bigru,5,AU26,0.0
bigru,5,AU28,-0.036363636363636265
bigru,5,AU43,0.018181818181818188
bigru,5,Pitch,0.0
bigru,5,Roll,0.0
bigru,5,Yaw,-0.018181818181818188
bigru,5,anger,0.07272727272727264
bigru,5,disgust,0.1636363636363637
bigru,5,fear,0.0
bigru,5,happiness,0.0
bigru,5,sadness,0.018181818181818077
bigru,5,surprise,0.018181818181818077
bigru,5,neutral,0.036363636363636376
bigru,6,AU01,0.0
bigru,6,AU02,0.0
bigru,6,AU04,0.04166666666666674
bigru,6,AU05,0.0
bigru,6,AU06,0.06250000000000011
bigru,6,AU07,0.02083333333333348
bigru,6,AU09,-0.04166666666666663
bigru,6,AU10,0.02083333333333348
bigru,6,AU11,-0.02083333333333326
bigru,6,AU12,-0.02083333333333326
bigru,6,AU14,0.0
bigru,6,AU15,0.06250000000000011
bigru,6,AU17,0.06250000000000011
bigru,6,AU20,0.0
bigru,6,AU23,-0.06249999999999989
bigru,6,AU24,0.08333333333333337
bigru,6,AU25,0.02083333333333348
bigru,6,AU26,0.0
bigru,6,AU28,-0.06249999999999989
bigru,6,AU43,0.02083333333333348
bigru,6,Pitch,-0.04166666666666663
bigru,6,Roll,0.02083333333333348
bigru,6,Yaw,0.06250000000000011
bigru,6,anger,0.04166666666666674
bigru,6,disgust,0.0
bigru,6,fear,0.0
bigru,6,happiness,0.02083333333333348
bigru,6,sadness,-0.04166666666666663
bigru,6,surprise,0.0
bigru,6,neutral,-0.02083333333333326
bigru,7,AU01,0.08333333333333337
bigru,7,AU02,-0.02083333333333326
bigru,7,AU04,1.1102230246251565e-16
bigru,7,AU05,1.1102230246251565e-16
bigru,7,AU06,0.08333333333333348
bigru,7,AU07,0.0
bigru,7,AU09,0.0
bigru,7,AU10,0.02083333333333348
bigru,7,AU11,0.0
bigru,7,AU12,0.0
bigru,7,AU14,0.0
bigru,7,AU15,0.02083333333333348
bigru,7,AU17,0.02083333333333348
bigru,7,AU20,0.14583333333333348
bigru,7,AU23,0.0
bigru,7,AU24,1.1102230246251565e-16
bigru,7,AU25,0.02083333333333348
bigru,7,AU26,0.08333333333333337
bigru,7,AU28,0.0
bigru,7,AU43,-0.02083333333333326
bigru,7,Pitch,-0.02083333333333326
bigru,7,Roll,0.0
bigru,7,Yaw,0.0
bigru,7,anger,0.04166666666666674
bigru,7,disgust,0.0
bigru,7,fear,0.0
bigru,7,happiness,0.02083333333333348
bigru,7,sadness,0.10416666666666663
bigru,7,surprise,0.0
bigru,7,neutral,1.1102230246251565e-16
bigru,8,AU01,0.0
bigru,8,AU02,0.0
bigru,8,AU04,0.0
bigru,8,AU05,0.02083333333333337
bigru,8,AU06,0.02083333333333337
bigru,8,AU07,0.02083333333333337
bigru,8,AU09,0.0
bigru,8,AU10,0.0
bigru,8,AU11,0.16666666666666663
bigru,8,AU12,0.0625
bigru,8,AU14,0.0
bigru,8,AU15,-0.02083333333333326
bigru,8,AU17,0.0
bigru,8,AU20,0.08333333333333326
bigru,8,AU23,0.0
bigru,8,AU24,0.02083333333333337
bigru,8,AU25,0.02083333333333337
bigru,8,AU26,0.0
bigru,8,AU28,0.02083333333333337
bigru,8,AU43,0.0
bigru,8,Pitch,-0.0625
bigru,8,Roll,0.0
bigru,8,Yaw,0.04166666666666674
bigru,8,anger,0.04166666666666674
bigru,8,disgust,0.14583333333333337
bigru,8,fear,0.0
bigru,8,happiness,0.0
bigru,8,sadness,0.0
bigru,8,surprise,-0.04166666666666663
bigru,8,neutral,0.0
bigru,9,AU01,-1.1102230246251565e-16
bigru,9,AU02,0.04166666666666663
bigru,9,AU04,-0.02083333333333337
bigru,9,AU05,0.04166666666666663
bigru,9,AU06,0.0
bigru,9,AU07,-0.02083333333333337
bigru,9,AU09,-0.04166666666666674
bigru,9,AU10,0.02083333333333337
bigru,9,AU11,-0.04166666666666674
bigru,9,AU12,0.04166666666666663
bigru,9,AU14,0.0
bigru,9,AU15,0.02083333333333326
bigru,9,AU17,-0.04166666666666674
bigru,9,AU20,-0.02083333333333337
bigru,9,AU23,0.04166666666666663
bigru,9,AU24,0.0625
bigru,9,AU25,0.0
bigru,9,AU26,0.04166666666666663
bigru,9,AU28,0.0
bigru,9,AU43,-0.02083333333333337
bigru,9,Pitch,0.0625
bigru,9,Roll,-0.02083333333333337
bigru,9,Yaw,0.02083333333333337
bigru,9,anger,0.29166666666666663
bigru,9,disgust,0.02083333333333337
bigru,9,fear,0.02083333333333337
bigru,9,happiness,0.0
bigru,9,sadness,0.02083333333333337
bigru,9,surprise,0.0
bigru,9,neutral,0.0
bigru,10,AU01,-0.018181818181818077
bigru,10,AU02,0.0
bigru,10,AU04,-0.036363636363636376
bigru,10,AU05,0.054545454545454564
bigru,10,AU06,-0.018181818181818077
bigru,10,AU07,0.0
bigru,10,AU09,-0.018181818181818077
bigru,10,AU10,0.018181818181818188
bigru,10,AU11,0.036363636363636376
bigru,10,AU12,-0.09090909090909083
bigru,10,AU14,-0.018181818181818077
bigru,10,AU15,-0.018181818181818077
bigru,10,AU17,0.0
bigru,10,AU20,0.09090909090909094
bigru,10,AU23,0.054545454545454675
bigru,10,AU24,-0.018181818181818077
bigru,10,AU25,-0.018181818181818077
bigru,10,AU26,-0.018181818181818188
bigru,10,AU28,-0.018181818181818077
bigru,10,AU43,0.0
bigru,10,Pitch,0.0
bigru,10,Roll,0.0
bigru,10,Yaw,-0.018181818181818188
bigru,10,anger,0.18181818181818188
bigru,10,disgust,0.018181818181818188
bigru,10,fear,0.0
bigru,10,happiness,-0.018181818181818077
bigru,10,sadness,0.0
bigru,10,surprise,0.0
bigru,10,neutral,-0.018181818181818077
bigru,11,AU01,0.04166666666666674
bigru,11,AU02,0.0
bigru,11,AU04,0.04166666666666674
bigru,11,AU05,0.04166666666666674
bigru,11,AU06,0.22916666666666674
bigru,11,AU07,0.0
bigru,11,AU09,0.04166666666666674
bigru,11,AU10,0.04166666666666674
bigru,11,AU11,0.04166666666666674
bigru,11,AU12,1.1102230246251565e-16
bigru,11,AU14,-0.04166666666666663
bigru,11,AU15,0.1250000000000001
bigru,11,AU17,1.1102230246251565e-16
bigru,11,AU20,-0.10416666666666663
bigru,11,AU23,-0.02083333333333315
bigru,11,AU24,0.04166666666666674
bigru,11,AU25,0.0
bigru,11,AU26,0.0
bigru,11,AU28,0.08333333333333337
bigru,11,AU43,-0.02083333333333337
bigru,11,Pitch,0.0
bigru,11,Roll,0.10416666666666663
bigru,11,Yaw,0.0
bigru,11,anger,0.04166666666666663
bigru,11,disgust,-0.02083333333333337
bigru,11,fear,0.02083333333333337
bigru,11,happiness,0.04166666666666674
bigru,11,sadness,0.0
bigru,11,surprise,0.0
bigru,11,neutral,-0.02083333333333326
bigru,12,AU01,0.08333333333333337
bigru,12,AU02,-0.02083333333333337
bigru,12,AU04,0.02083333333333326
bigru,12,AU05,0.04166666666666663
bigru,12,AU06,0.08333333333333337
bigru,12,AU07,0.04166666666666663
bigru,12,AU09,0.0
bigru,12,AU10,0.0
bigru,12,AU11,0.06250000000000011
bigru,12,AU12,-0.02083333333333326
bigru,12,AU14,0.0
bigru,12,AU15,0.0
bigru,12,AU17,0.02083333333333326
bigru,12,AU20,0.0
bigru,12,AU23,-0.04166666666666663
bigru,12,AU24,0.0
bigru,12,AU25,-0.02083333333333326
bigru,12,AU26,0.0
bigru,12,AU28,0.0
bigru,12,AU43,0.02083333333333337
bigru,12,Pitch,0.04166666666666685
bigru,12,Roll,0.0
bigru,12,Yaw,0.06250000000000011
bigru,12,anger,0.35416666666666663
bigru,12,disgust,-0.04166666666666663
bigru,12,fear,0.02083333333333337
bigru,12,happiness,0.0
bigru,12,sadness,0.04166666666666663
bigru,12,surprise,-0.02083333333333326
bigru,12,neutral,0.08333333333333337
bigru,13,AU01,-0.10416666666666685
bigru,13,AU02,-0.04166666666666674
bigru,13,AU04,-0.08333333333333337
bigru,13,AU05,-0.08333333333333337
bigru,13,AU06,0.0
bigru,13,AU07,0.02083333333333326
bigru,13,AU09,-0.02083333333333348
bigru,13,AU10,0.0
bigru,13,AU11,0.02083333333333326
bigru,13,AU12,-1.1102230246251565e-16
bigru,13,AU14,-0.06250000000000011
bigru,13,AU15,-0.06250000000000011
bigru,13,AU17,-0.04166666666666674
bigru,13,AU20,0.10416666666666663
bigru,13,AU23,-0.04166666666666674
bigru,13,AU24,0.0
bigru,13,AU25,-0.04166666666666674
bigru,13,AU26,-0.02083333333333337
bigru,13,AU28,0.08333333333333326
bigru,13,AU43,0.0
bigru,13,Pitch,-0.02083333333333337
bigru,13,Roll,-0.04166666666666674
bigru,13,Yaw,0.16666666666666657
bigru,13,anger,0.14583333333333326
bigru,13,disgust,0.04166666666666663
bigru,13,fear,0.0
bigru,13,happiness,0.02083333333333326
bigru,13,sadness,0.04166666666666652
bigru,13,surprise,-0.06250000000000011
bigru,13,neutral,-0.02083333333333348
bigru,14,AU01,0.020833333333333315
bigru,14,AU02,0.02083333333333337
bigru,14,AU04,-0.02083333333333337
bigru,14,AU05,5.551115123125783e-17
bigru,14,AU06,0.125
bigru,14,AU07,-0.02083333333333337
bigru,14,AU09,-0.041666666666666685
bigru,14,AU10,-0.041666666666666685
bigru,14,AU11,0.0
bigru,14,AU12,0.08333333333333331
bigru,14,AU14,0.0
bigru,14,AU15,0.062499999999999944
bigru,14,AU17,0.08333333333333331
bigru,14,AU20,0.29166666666666663
bigru,14,AU23,0.062499999999999944
bigru,14,AU24,-0.08333333333333331
bigru,14,AU25,0.041666666666666685
bigru,14,AU26,0.020833333333333315
bigru,14,AU28,-0.04166666666666663
bigru,14,AU43,0.020833333333333315
bigru,14,Pitch,0.041666666666666574
bigru,14,Roll,-0.02083333333333337
bigru,14,Yaw,-0.02083333333333337
bigru,14,anger,0.0
bigru,14,disgust,-0.06250000000000006
bigru,14,fear,-0.02083333333333337
bigru,14,happiness,-0.02083333333333337
bigru,14,sadness,-5.551115123125783e-17
bigru,14,surprise,0.0
bigru,14,neutral,-0.041666666666666685
bigru,15,AU01,0.0181818181818183
bigru,15,AU02,0.18181818181818188
bigru,15,AU04,0.0
bigru,15,AU05,1.1102230246251565e-16
bigru,15,AU06,0.09090909090909105
bigru,15,AU07,-0.018181818181818188
bigru,15,AU09,-0.018181818181818188
bigru,15,AU10,-0.036363636363636265
bigru,15,AU11,-0.018181818181818188
bigru,15,AU12,-0.05454545454545445
bigru,15,AU14,1.1102230246251565e-16
bigru,15,AU15,0.09090909090909094
bigru,15,AU17,0.036363636363636376
bigru,15,AU20,-0.018181818181818077
bigru,15,AU23,0.018181818181818188
bigru,15,AU24,-0.09090909090909083
bigru,15,AU25,0.0
bigru,15,AU26,0.018181818181818188
bigru,15,AU28,-0.018181818181818077
bigru,15,AU43,1.1102230246251565e-16
bigru,15,Pitch,0.018181818181818188
bigru,15,Roll,0.07272727272727286
bigru,15,Yaw,0.0
bigru,15,anger,-0.018181818181818077
bigru,15,disgust,-0.018181818181818188
bigru,15,fear,-0.018181818181818188
bigru,15,happiness,0.018181818181818188
bigru,15,sadness,0.1636363636363638
bigru,15,surprise,1.1102230246251565e-16
bigru,15,neutral,1.1102230246251565e-16
bigru,16,AU01,-1.1102230246251565e-16
bigru,16,AU02,-0.08333333333333326
bigru,16,AU04,0.02083333333333337
bigru,16,AU05,0.02083333333333337
bigru,16,AU06,-0.04166666666666663
bigru,16,AU07,0.04166666666666663
bigru,16,AU09,-0.02083333333333337
bigru,16,AU10,0.0
bigru,16,AU11,0.02083333333333337
bigru,16,AU12,-0.06250000000000011
bigru,16,AU14,-0.02083333333333337
bigru,16,AU15,0.0
bigru,16,AU17,0.04166666666666663
bigru,16,AU20,0.125
bigru,16,AU23,-1.1102230246251565e-16
bigru,16,AU24,0.0
bigru,16,AU25,0.02083333333333337
bigru,16,AU26,0.0
bigru,16,AU28,0.04166666666666663
bigru,16,AU43,0.0
bigru,16,Pitch,-0.04166666666666674
bigru,16,Roll,-0.0625
bigru,16,Yaw,-0.06250000000000011
bigru,16,anger,0.18749999999999994
bigru,16,disgust,0.06249999999999989
bigru,16,fear,-0.02083333333333337
bigru,16,happiness,0.02083333333333326
bigru,16,sadness,0.08333333333333326
bigru,16,surprise,0.0
bigru,16,neutral,-0.02083333333333337
bigru,17,AU01,-0.0625
bigru,17,AU02,-0.02083333333333326
bigru,17,AU04,0.08333333333333337
bigru,17,AU05,-0.04166666666666663
bigru,17,AU06,0.04166666666666663
bigru,17,AU07,0.0
bigru,17,AU09,-0.02083333333333326
bigru,17,AU10,0.02083333333333337
bigru,17,AU11,0.0
bigru,17,AU12,-0.02083333333333326
bigru,17,AU14,0.0
bigru,17,AU15,-0.02083333333333326
bigru,17,AU17,0.0
bigru,17,AU20,0.08333333333333326
bigru,17,AU23,0.0
bigru,17,AU24,0.0
bigru,17,AU25,0.0
bigru,17,AU26,0.02083333333333326
bigru,17,AU28,0.0
bigru,17,AU43,0.0
bigru,17,Pitch,0.0
bigru,17,Roll,0.0
bigru,17,Yaw,0.0
bigru,17,anger,0.0
bigru,17,disgust,0.0
bigru,17,fear,0.0
bigru,17,happiness,0.02083333333333337
bigru,17,sadness,0.0
bigru,17,surprise,0.02083333333333337
bigru,17,neutral,0.0
bigru,18,AU01,0.04166666666666652
bigru,18,AU02,0.02083333333333326
bigru,18,AU04,-0.04166666666666674
bigru,18,AU05,0.04166666666666663
bigru,18,AU06,0.02083333333333326
bigru,18,AU07,0.0
bigru,18,AU09,0.0
bigru,18,AU10,0.0
bigru,18,AU11,0.04166666666666663
bigru,18,AU12,0.06249999999999989
bigru,18,AU14,0.0625
bigru,18,AU15,-0.02083333333333348
bigru,18,AU17,0.0
bigru,18,AU20,-1.1102230246251565e-16
bigru,18,AU23,-0.02083333333333337
bigru,18,AU24,0.02083333333333326
bigru,18,AU25,0.04166666666666663
bigru,18,AU26,0.0625
bigru,18,AU28,-1.1102230246251565e-16
bigru,18,AU43,-0.02083333333333337
bigru,18,Pitch,0.0
bigru,18,Roll,0.0
bigru,18,Yaw,-1.1102230246251565e-16
bigru,18,anger,0.14583333333333326
bigru,18,disgust,-0.04166666666666674
bigru,18,fear,0.0
bigru,18,happiness,0.02083333333333326
bigru,18,sadness,-0.02083333333333337
bigru,18,surprise,0.0
bigru,18,neutral,-0.02083333333333348
bigru,19,AU01,0.04166666666666663
bigru,19,AU02,0.0
bigru,19,AU04,-0.04166666666666663
bigru,19,AU05,0.06250000000000011
bigru,19,AU06,-0.04166666666666663
bigru,19,AU07,-0.02083333333333337
bigru,19,AU09,0.02083333333333337
bigru,19,AU10,-0.10416666666666652
bigru,19,AU11,-0.02083333333333326
bigru,19,AU12,0.02083333333333337
bigru,19,AU14,-0.02083333333333337
bigru,19,AU15,0.08333333333333337
bigru,19,AU17,0.0
bigru,19,AU20,0.08333333333333337
bigru,19,AU23,-0.04166666666666663
bigru,19,AU24,-0.08333333333333337
bigru,19,AU25,-0.04166666666666663
bigru,19,AU26,-0.02083333333333337
bigru,19,AU28,-0.02083333333333337
bigru,19,AU43,-0.02083333333333337
bigru,19,Pitch,-0.02083333333333337
bigru,19,Roll,0.02083333333333337
bigru,19,Yaw,-0.06249999999999989
bigru,19,anger,0.04166666666666674
bigru,19,disgust,-0.02083333333333337
bigru,19,fear,0.0
bigru,19,happiness,-0.02083333333333337
bigru,19,sadness,0.0
bigru,19,surprise,0.0
bigru,19,neutral,0.0
bigru,20,AU01,0.05454545454545445
bigru,20,AU02,-1.1102230246251565e-16
bigru,20,AU04,-0.12727272727272732
bigru,20,AU05,-0.054545454545454564
bigru,20,AU06,-0.03636363636363649
bigru,20,AU07,-0.03636363636363649
bigru,20,AU09,-0.03636363636363649
bigru,20,AU10,-1.1102230246251565e-16
bigru,20,AU11,-0.03636363636363649
bigru,20,AU12,-0.07272727272727286
bigru,20,AU14,0.036363636363636265
bigru,20,AU15,0.07272727272727264
bigru,20,AU17,0.05454545454545445
bigru,20,AU20,-0.09090909090909094
bigru,20,AU23,-0.054545454545454564
bigru,20,AU24,-0.054545454545454564
bigru,20,AU25,0.05454545454545451
bigru,20,AU26,-0.018181818181818188
bigru,20,AU28,-1.1102230246251565e-16
bigru,20,AU43,-0.018181818181818188
bigru,20,Pitch,-0.054545454545454564
bigru,20,Roll,0.0
bigru,20,Yaw,-0.09090909090909094
bigru,20,anger,0.018181818181818077
bigru,20,disgust,-0.03636363636363649
bigru,20,fear,-0.018181818181818188
bigru,20,happiness,0.0
bigru,20,sadness,-0.09090909090909094
bigru,20,surprise,-0.018181818181818188
bigru,20,neutral,-0.054545454545454564
bigru,21,AU01,-0.02083333333333337
bigru,21,AU02,-0.04166666666666674
bigru,21,AU04,0.0
bigru,21,AU05,0.0
bigru,21,AU06,-0.02083333333333337
bigru,21,AU07,0.0
bigru,21,AU09,-0.04166666666666663
bigru,21,AU10,-0.02083333333333337
bigru,21,AU11,0.0
bigru,21,AU12,-0.10416666666666674
bigru,21,AU14,-0.02083333333333337
bigru,21,AU15,-0.02083333333333337
bigru,21,AU17,0.02083333333333326
bigru,21,AU20,-0.04166666666666663
bigru,21,AU23,0.0
bigru,21,AU24,-0.02083333333333337
bigru,21,AU25,-0.02083333333333337
bigru,21,AU26,0.0
bigru,21,AU28,-0.08333333333333337
bigru,21,AU43,-0.04166666666666663
bigru,21,Pitch,0.02083333333333326
bigru,21,Roll,-0.04166666666666663
bigru,21,Yaw,-0.04166666666666663
bigru,21,anger,0.22916666666666663
bigru,21,disgust,-0.06250000000000011
bigru,21,fear,0.0
bigru,21,happiness,0.0
bigru,21,sadness,0.0
bigru,21,surprise,-0.06250000000000011
bigru,21,neutral,0.02083333333333326
bigru,22,AU01,1.1102230246251565e-16
bigru,22,AU02,-0.02083333333333326
bigru,22,AU04,0.02083333333333337
bigru,22,AU05,0.06250000000000011
bigru,22,AU06,-0.02083333333333337
bigru,22,AU07,-0.04166666666666663
bigru,22,AU09,-0.08333333333333326
bigru,22,AU10,1.1102230246251565e-16
bigru,22,AU11,1.1102230246251565e-16
bigru,22,AU12,0.02083333333333337
bigru,22,AU14,-0.02083333333333326
bigru,22,AU15,0.04166666666666674
bigru,22,AU17,-0.0625
bigru,22,AU20,0.08333333333333337
bigru,22,AU23,0.04166666666666674
bigru,22,AU24,-0.04166666666666663
bigru,22,AU25,0.02083333333333337
bigru,22,AU26,0.0
bigru,22,AU28,-0.10416666666666663
bigru,22,AU43,0.0
bigru,22,Pitch,0.04166666666666674
bigru,22,Roll,0.02083333333333337
bigru,22,Yaw,-0.08333333333333337
bigru,22,anger,0.02083333333333337
bigru,22,disgust,0.02083333333333337
bigru,22,fear,0.0
bigru,22,happiness,1.1102230246251565e-16
bigru,22,sadness,0.0
bigru,22,surprise,0.06250000000000011
bigru,22,neutral,-0.04166666666666663
bigru,23,AU01,0.04166666666666663
bigru,23,AU02,0.04166666666666663
bigru,23,AU04,-0.02083333333333337
bigru,23,AU05,0.0
bigru,23,AU06,0.02083333333333326
bigru,23,AU07,-0.02083333333333337
bigru,23,AU09,0.02083333333333326
bigru,23,AU10,0.02083333333333326
bigru,23,AU11,-1.1102230246251565e-16
bigru,23,AU12,0.02083333333333326
bigru,23,AU14,0.02083333333333326
bigru,23,AU15,0.0
bigru,23,AU17,0.0
bigru,23,AU20,0.2499999999999999
bigru,23,AU23,0.02083333333333326
bigru,23,AU24,0.04166666666666652
bigru,23,AU25,0.04166666666666652
bigru,23,AU26,0.0
bigru,23,AU28,0.02083333333333326
bigru,23,AU43,0.02083333333333326
bigru,23,Pitch,0.0
bigru,23,Roll,0.0
bigru,23,Yaw,-0.02083333333333337
bigru,23,anger,0.0625
bigru,23,disgust,0.0
bigru,23,fear,0.0
bigru,23,happiness,0.0
bigru,23,sadness,0.0
bigru,23,surprise,0.0
bigru,23,neutral,0.0
bigru,24,AU01,0.02083333333333326
bigru,24,AU02,0.0
bigru,24,AU04,0.02083333333333326
bigru,24,AU05,0.0
bigru,24,AU06,0.04166666666666663
bigru,24,AU07,0.0
bigru,24,AU09,-0.02083333333333337
bigru,24,AU10,0.0625
bigru,24,AU11,0.0
bigru,24,AU12,0.0
bigru,24,AU14,0.0
bigru,24,AU15,0.0
bigru,24,AU17,-0.02083333333333337
bigru,24,AU20,0.10416666666666663
bigru,24,AU23,0.0
bigru,24,AU24,0.02083333333333337
bigru,24,AU25,0.0
bigru,24,AU26,0.02083333333333326
bigru,24,AU28,0.0
bigru,24,AU43,0.0
bigru,24,Pitch,-0.02083333333333348
bigru,24,Roll,-0.0625
bigru,24,Yaw,-0.08333333333333337
bigru,24,anger,0.14583333333333337
bigru,24,disgust,-0.02083333333333337
bigru,24,fear,0.0
bigru,24,happiness,0.0
bigru,24,sadness,0.02083333333333326
bigru,24,surprise,0.0
bigru,24,neutral,-0.02083333333333337
