architecture,fold,n_train,n_val,n_features,auc,best_val_loss,epochs_used
bilstm,0,64,16,30,0.7636363636363637,0.5349083244800568,26
bilstm,1,64,16,30,0.7083333333333334,0.49500106275081635,27
bilstm,2,64,16,30,0.7916666666666667,0.5069502890110016,24
bilstm,3,64,16,30,0.6041666666666666,0.5633501410484314,20
bilstm,4,64,16,30,0.75,0.5072867721319199,23
bilstm,5,64,16,30,0.4727272727272727,0.6404845118522644,15
bilstm,6,64,16,30,0.875,0.3613426461815834,31
bilstm,7,64,16,30,0.75,0.48300954699516296,26
bilstm,8,64,16,30,0.7291666666666667,0.533948615193367,18
bilstm,9,64,16,30,0.7916666666666666,0.47503551840782166,26
bilstm,10,64,16,30,0.6909090909090909,0.5863323211669922,22
bilstm,11,64,16,30,0.75,0.5110799074172974,22
bilstm,12,64,16,30,0.8541666666666665,0.46161964535713196,20
bilstm,13,64,16,30,0.75,0.5318220853805542,21
bilstm,14,64,16,30,0.3958333333333333,0.6210584342479706,17
bilstm,15,64,16,30,0.6363636363636364,0.6182827949523926,15
bilstm,16,64,16,30,0.75,0.45370036363601685,26
bilstm,17,64,16,30,0.9166666666666667,0.330987848341465,34
bilstm,18,64,16,30,0.7083333333333334,0.5056506991386414,23
bilstm,19,64,16,30,0.7708333333333333,0.5107666403055191,25
bilstm,20,64,16,30,0.6545454545454545,0.5903922617435455,16
bilstm,21,64,16,30,0.5625,0.5641613006591797,20
bilstm,22,64,16,30,0.6041666666666667,0.5398588478565216,20
bilstm,23,64,16,30,0.5,0.5755000412464142,18
bilstm,24,64,16,30,0.75,0.4478526711463928,36
bigru,0,64,16,30,0.6181818181818182,0.5855692923069,22
bigru,1,64,16,30,0.8125,0.4844482094049454,22
bigru,2,64,16,30,0.6666666666666666,0.5249895751476288,29
bigru,3,64,16,30,0.6875,0.565852478146553,20
bigru,4,64,16,30,0.7291666666666666,0.48281675577163696,26
bigru,5,64,16,30,0.7090909090909091,0.5914990305900574,19
bigru,6,64,16,30,0.9166666666666667,0.25848332047462463,44
bigru,7,64,16,30,0.6666666666666667,0.5449454188346863,26
bigru,8,64,16,30,0.8333333333333334,0.5358245074748993,18
bigru,9,64,16,30,0.7291666666666666,0.5066622048616409,25
bigru,10,64,16,30,0.8,0.49009063839912415,24
bigru,11,64,16,30,0.8333333333333334,0.46095160394907,22
bigru,12,64,16,30,0.8958333333333334,0.43297550082206726,27
bigru,13,64,16,30,0.6458333333333333,0.5490590482950211,21
bigru,14,64,16,30,0.4583333333333333,0.6025095880031586,18
bigru,15,64,16,30,0.690909090909091,0.619038462638855,26
bigru,16,64,16,30,0.6666666666666666,0.5217876136302948,33
bigru,17,64,16,30,0.875,0.38173915445804596,32
bigru,18,64,16,30,0.6458333333333333,0.4910036772489548,27
bigru,19,64,16,30,0.7083333333333334,0.4949452877044678,25
bigru,20,64,16,30,0.49090909090909085,0.6553924977779388,15
bigru,21,64,16,30,0.6666666666666666,0.5199575126171112,23
bigru,22,64,16,30,0.6458333333333334,0.4924154728651047,27
bigru,23,64,16,30,0.7708333333333333,0.48741383850574493,24
bigru,24,64,16,30,0.7291666666666666,0.4953777492046356,24
cnn1d,0,64,16,30,0.7272727272727273,0.5621771812438965,17
cnn1d,1,64,16,30,0.5416666666666666,0.5835485458374023,12
cnn1d,2,64,16,30,0.6458333333333333,0.505448043346405,26
cnn1d,3,64,16,30,0.7708333333333334,0.52108995616436,15
cnn1d,4,64,16,30,0.6666666666666667,0.49856892228126526,22
cnn1d,5,64,16,30,0.34545454545454546,0.6434930264949799,13
cnn1d,6,64,16,30,0.7291666666666667,0.5055356919765472,21
cnn1d,7,64,16,30,0.6458333333333333,0.5332531481981277,16
cnn1d,8,64,16,30,0.4583333333333333,0.6183804273605347,12
cnn1d,9,64,16,30,0.625,0.5228613615036011,18
cnn1d,10,64,16,30,0.7090909090909091,0.5717926621437073,12
cnn1d,11,64,16,30,0.5625000000000001,0.5747598856687546,17
cnn1d,12,64,16,30,0.6458333333333333,0.49304620921611786,17
cnn1d,13,64,16,30,0.6875000000000001,0.5107347369194031,19
cnn1d,14,64,16,30,0.5416666666666667,0.5626626908779144,12
cnn1d,15,64,16,30,0.7090909090909091,0.5689869225025177,13
cnn1d,16,64,16,30,0.39583333333333337,0.6128494143486023,13
cnn1d,17,64,16,30,0.6041666666666667,0.544665664434433,13
cnn1d,18,64,16,30,0.6875,0.537936195731163,14
cnn1d,19,64,16,30,0.75,0.5232909023761749,14
cnn1d,20,64,16,30,0.47272727272727266,0.6316293776035309,11
cnn1d,21,64,16,30,0.8541666666666667,0.4703064113855362,15
cnn1d,22,64,16,30,0.6666666666666666,0.5147203356027603,15
cnn1d,23,64,16,30,0.6458333333333333,0.5533793568611145,14
cnn1d,24,64,16,30,0.6041666666666666,0.5456662178039551,17
cnn_bigru,0,64,16,30,0.6909090909090908,0.560481458902359,18
cnn_bigru,1,64,16,30,0.7083333333333333,0.5164083242416382,15
cnn_bigru,2,64,16,30,0.7083333333333333,0.5136268138885498,19
cnn_bigru,3,64,16,30,0.6666666666666667,0.5572629272937775,14
cnn_bigru,4,64,16,30,0.75,0.478338822722435,18
cnn_bigru,5,64,16,30,0.7090909090909092,0.5769902169704437,18
cnn_bigru,6,64,16,30,0.875,0.2649235278367996,26
cnn_bigru,7,64,16,30,0.7291666666666666,0.515486553311348,19
cnn_bigru,8,64,16,30,0.5833333333333333,0.5647488832473755,13
cnn_bigru,9,64,16,30,0.5833333333333333,0.5612813830375671,14
cnn_bigru,10,64,16,30,0.7272727272727273,0.5569490790367126,17
cnn_bigru,11,64,16,30,0.8125,0.4665902815759182,28
cnn_bigru,12,64,16,30,0.8541666666666667,0.45624229311943054,19
cnn_bigru,13,64,16,30,0.7916666666666666,0.49048298597335815,22
cnn_bigru,14,64,16,30,0.45833333333333337,0.5900027751922607,12
cnn_bigru,15,64,16,30,0.7090909090909092,0.5735962241888046,22
cnn_bigru,16,64,16,30,0.7291666666666667,0.4987798035144806,19
cnn_bigru,17,64,16,30,0.7916666666666666,0.4544133394956589,19
cnn_bigru,18,64,16,30,0.625,0.5322176069021225,16
cnn_bigru,19,64,16,30,0.8125,0.4775228500366211,15
cnn_bigru,20,64,16,30,0.6545454545454545,0.6121221482753754,12
cnn_bigru,21,64,16,30,0.625,0.5495321750640869,14
cnn_bigru,22,64,16,30,0.7708333333333333,0.4666799008846283,20
cnn_bigru,23,64,16,30,0.6458333333333334,0.5332987010478973,17
cnn_bigru,24,64,16,30,0.6666666666666666,0.5270975828170776,18
mlp_meanpool,0,64,16,30,0.7636363636363636,0.5600268095731735,37
mlp_meanpool,1,64,16,30,0.5416666666666667,0.5785147547721863,29
mlp_meanpool,2,64,16,30,0.6041666666666666,0.5141422748565674,60
mlp_meanpool,3,64,16,30,0.7708333333333333,0.5205686837434769,41
mlp_meanpool,4,64,16,30,0.6458333333333334,0.5257919132709503,60
mlp_meanpool,5,64,16,30,0.5272727272727273,0.5883525013923645,35
mlp_meanpool,6,64,16,30,0.6875,0.5115551948547363,60
mlp_meanpool,7,64,16,30,0.6666666666666667,0.517947643995285,60
mlp_meanpool,8,64,16,30,0.33333333333333337,0.6357367038726807,24
mlp_meanpool,9,64,16,30,0.8125000000000001,0.5037867426872253,60
mlp_meanpool,10,64,16,30,0.6181818181818182,0.5877478122711182,39
mlp_meanpool,11,64,16,30,0.7083333333333333,0.5222534537315369,60
mlp_meanpool,12,64,16,30,0.75,0.4736406207084656,60
mlp_meanpool,13,64,16,30,0.7291666666666666,0.5162267982959747,52
mlp_meanpool,14,64,16,30,0.41666666666666663,0.5762919783592224,31
mlp_meanpool,15,64,16,30,0.6909090909090909,0.5696990489959717,47
mlp_meanpool,16,64,16,30,0.6249999999999999,0.5620599091053009,53
mlp_meanpool,17,64,16,30,0.5416666666666667,0.5709481537342072,50
mlp_meanpool,18,64,16,30,0.6041666666666666,0.5013814121484756,53
mlp_meanpool,19,64,16,30,0.6458333333333334,0.5552161335945129,60
mlp_meanpool,20,64,16,30,0.38181818181818183,0.6868152618408203,28
mlp_meanpool,21,64,16,30,0.8541666666666667,0.4651130437850952,59
mlp_meanpool,22,64,16,30,0.5833333333333334,0.5660125911235809,46
mlp_meanpool,23,64,16,30,0.45833333333333337,0.5829277634620667,37
mlp_meanpool,24,64,16,30,0.5833333333333333,0.5461200475692749,60
