fold,f1_macro,accuracy,roc_auc
1,0.6444444444444444,0.8125,0.7916666666666666
2,0.7948717948717949,0.875,0.9270833333333334
3,0.6666666666666667,0.75,0.8541666666666666
4,0.8333333333333333,0.875,0.7272727272727273
5,0.5833333333333334,0.7333333333333333,0.7045454545454546
6,0.5897435897435898,0.75,0.6458333333333333
7,0.5428571428571429,0.6875,0.7083333333333333
8,0.7257142857142858,0.8125,0.875
9,0.7681159420289855,0.8125,0.7818181818181819
10,0.4230769230769231,0.7333333333333333,0.7045454545454546
11,0.7257142857142858,0.8125,0.7291666666666666
12,0.6135265700483092,0.6875,0.5833333333333334
13,0.6444444444444444,0.8125,0.7916666666666666
14,0.5,0.625,0.7636363636363637
15,0.64,0.8,0.75
16,0.6444444444444444,0.8125,0.7291666666666667
17,0.6135265700483092,0.6875,0.7083333333333334
18,0.6444444444444444,0.8125,0.6770833333333333
19,0.5897435897435898,0.75,0.7272727272727273
20,0.5833333333333334,0.7333333333333333,0.625
21,0.6444444444444444,0.8125,0.7708333333333333
22,0.6135265700483092,0.6875,0.8125
23,0.4074074074074074,0.6875,0.5208333333333334
24,0.5428571428571429,0.6875,0.509090909090909
25,0.64,0.8,1.0
26,0.4074074074074074,0.6875,0.5
27,0.7257142857142858,0.8125,0.5625
28,0.5897435897435898,0.75,0.6875
29,0.7681159420289855,0.8125,0.7818181818181817
30,0.7204968944099379,0.8,0.9090909090909092
31,0.6444444444444444,0.8125,0.5
32,0.6444444444444444,0.8125,0.6979166666666666
33,0.7090909090909091,0.75,0.7291666666666666
34,0.5897435897435898,0.75,0.709090909090909
35,0.7204968944099379,0.8,0.7272727272727272
36,0.5897435897435898,0.75,0.7083333333333334
37,0.6444444444444444,0.8125,0.53125
38,0.7257142857142858,0.8125,0.8541666666666666
39,0.5428571428571429,0.6875,0.4363636363636364
40,0.5341614906832298,0.6666666666666666,0.8068181818181819
41,0.5897435897435898,0.75,0.75
42,0.5428571428571429,0.6875,0.5520833333333334
43,0.4074074074074074,0.6875,0.6458333333333334
44,0.6666666666666667,0.75,0.9
45,0.4230769230769231,0.7333333333333333,0.27272727272727276
46,0.7257142857142858,0.8125,0.78125
47,0.5897435897435898,0.75,0.4479166666666667
48,0.5428571428571429,0.6875,0.5104166666666667
49,0.7090909090909091,0.75,0.7454545454545455
50,0.64,0.8,0.6590909090909092
