name,depth,n_estimators,learning_rate,loss,feature_mode,mean_auc,std_auc,mean_f1,mean_acc,mean_features,n_evaluaciones
challenger_27,2,180,0.4865256111527648,linear,engineered,0.6594509262123179,0.08530223347891137,0.43543926566069735,0.5283042649881787,80.0,15
challenger_6,4,336,0.12165868802557514,linear,top30,0.6586117932251039,0.0825271792043955,0.4124581700012817,0.5446563507348239,30.0,15
challenger_20,2,277,0.035900682697406906,exponential,top50,0.6585904449207226,0.07932198053775451,0.419823912337825,0.5067579428461806,50.0,15
challenger_17,4,32,0.39596880639800885,exponential,top40,0.6582988193075533,0.07708057643127153,0.43573706760050945,0.5466065369935867,40.0,15
challenger_38,3,95,0.6725265692248557,linear,top30,0.658055259164527,0.08022669219082773,0.4094473464598665,0.5303284624431389,30.0,15
challenger_30,4,86,0.1988723678868417,square,top60,0.6580151145156697,0.0818320356387054,0.4212146065715361,0.5385763217499441,60.0,15
challenger_39,2,296,0.026690215799161983,linear,top40,0.656469446808704,0.0835671954957525,0.44228392123286875,0.5175354687194011,40.0,15
challenger_49,3,222,0.02810993853011419,linear,all,0.6563596607475961,0.07497796242271404,0.4110352882084749,0.5248486795565449,88.0,15
challenger_35,2,295,0.0304337730353448,exponential,top80,0.6561702612168178,0.08296895262763687,0.4247728917850454,0.5113204122589795,80.0,15
challenger_5,2,114,0.06771751569594817,exponential,all,0.655770086053013,0.08403033776590846,0.4250921489770911,0.5021312295826894,88.0,15
champion,3,50,1.0,linear,all,0.655296528294833,0.06858578425875361,0.4212899196407731,0.5815266460810663,88.0,15
challenger_34,2,128,1.5822689027109265,linear,top30,0.6545523369481495,0.07855101087181199,0.4251258050484805,0.5106473892573695,30.0,15
challenger_11,4,167,0.035482794634678606,exponential,engineered,0.653476274625947,0.07978794075505166,0.4235769663727782,0.5231422214872457,80.0,15
challenger_15,2,327,0.019014186609122134,exponential,top80,0.651851514184011,0.08466594928617097,0.4259861992897729,0.5045820656383609,80.0,15
challenger_13,3,277,0.027736496117368073,linear,top30,0.6514749391007268,0.08744003782687264,0.4056510078172916,0.5138479710735452,30.0,15
challenger_44,4,244,0.013964571993729052,square,top50,0.6514705130856242,0.07629300639757199,0.43276012105494915,0.5232474771513886,50.0,15
challenger_25,4,134,0.009314548340213528,square,top40,0.6505547356476045,0.07851059602002482,0.42812102142369934,0.5336156600677084,40.0,15
challenger_8,3,318,0.004390441683203128,square,top60,0.6496992072124705,0.07490893966442363,0.41505932844337,0.5207189826114219,60.0,15
challenger_12,2,78,0.037180586016209896,linear,engineered,0.6492688891220787,0.08460564058932725,0.4313489442088896,0.4984318359702841,80.0,15
challenger_56,4,147,1.398136217813408,square,top80,0.6482516255442368,0.06659482387372402,0.44321074304013186,0.5693884381803976,80.0,15
challenger_26,1,236,0.3869648359130038,exponential,top40,0.6480075930190483,0.08928216616597454,0.44807798627157164,0.5502352521680368,40.0,15
challenger_24,4,345,0.005918903508001329,exponential,all,0.6474338803993561,0.0781214561076525,0.4198285202110429,0.5286165455032159,88.0,15
challenger_40,1,246,0.13968929461528337,square,all,0.6466109311978812,0.09394348460747538,0.41645685328747756,0.512871707962188,88.0,15
challenger_21,1,313,0.12451572829457358,square,top50,0.6465357521619153,0.09686714458879687,0.4010504431932939,0.5112852958613366,50.0,15
challenger_4,4,268,0.5199490208419083,square,top60,0.6464571962821073,0.07879619719911606,0.42257374412402,0.5680540727473058,60.0,15
challenger_55,3,167,0.5484800458027943,square,top30,0.6453018789980843,0.07860763534239802,0.4320060008556561,0.5402782837316151,30.0,15
challenger_37,3,104,0.010232270054113632,exponential,top50,0.6448596746372662,0.08144202346762869,0.43296786664364867,0.5165295038147967,50.0,15
challenger_48,3,205,0.007608423389296127,exponential,top80,0.6448295785468352,0.0826549252614659,0.4160895188338392,0.5300958965728241,80.0,15
challenger_19,3,240,0.00289383712648911,linear,all,0.6443649815636608,0.08433596278693847,0.42545982561945694,0.527796371055038,88.0,15
challenger_23,2,191,0.0051091710371896784,linear,top60,0.6440578962111211,0.08377923058917885,0.4313140422054004,0.4876336258307846,60.0,15
challenger_29,3,200,0.0034069281922095335,exponential,top50,0.6436450133810011,0.08319696600632127,0.42416595296941223,0.512491157758511,50.0,15
challenger_41,4,183,0.00137204904597325,linear,top60,0.6432716987881208,0.07976161587158562,0.44341060579426533,0.5381600224731433,60.0,15
challenger_14,3,289,0.010743150328659187,exponential,top30,0.6432084009702542,0.08918683766407291,0.4269208045401902,0.5128399133773512,30.0,15
challenger_3,4,196,0.016750022714886317,linear,top20,0.6422754511059581,0.09152287703161079,0.43336831771726303,0.5218716013358542,20.0,15
challenger_32,3,163,0.001946861302448439,square,all,0.6418740213602246,0.08358632243964836,0.43060035571256083,0.5157100088203967,88.0,15
challenger_54,4,115,0.0013289234657930873,linear,top50,0.6418616307269832,0.07806723991300796,0.41230561269962585,0.5271560383054905,50.0,15
challenger_47,3,211,1.2467898515254292,linear,top50,0.6412350903660323,0.07807620506690435,0.41106406138184876,0.558680106153224,50.0,15
challenger_53,4,314,0.002268068120956536,square,top20,0.6411205261939358,0.08919535217951612,0.4213828871912495,0.5132248017770011,20.0,15
challenger_46,2,319,0.0018754012938107612,linear,top60,0.6408769357515138,0.08423861881612212,0.4154163322003347,0.49357472204147707,60.0,15
challenger_2,3,311,0.39338867236071257,square,engineered,0.6407993694290053,0.07282951879110454,0.4128260626320015,0.5776090779477897,80.0,15
challenger_0,1,316,0.028102884214317125,square,top30,0.6397018693239549,0.09076267740165334,0.4160454542767277,0.49460939663186626,30.0,15
challenger_57,3,220,0.006997589177021252,exponential,top20,0.6396935890759685,0.09108667947914316,0.44802029441929353,0.5044309644082381,20.0,15
challenger_51,2,234,0.002282505214048551,square,top40,0.6395500704341319,0.0861660959054399,0.4246907310510525,0.5080087811801749,40.0,15
challenger_10,4,305,1.5623511372159604,square,top80,0.6392735419600805,0.06971825195758731,0.43542141862205724,0.5564499858732751,80.0,15
challenger_58,1,90,0.0014068613600188636,linear,top60,0.6389795710036047,0.09164348342464858,0.4182938094100795,0.4935630242269166,60.0,15
challenger_31,1,170,0.009892372246194528,exponential,top40,0.6388699646276961,0.09756254139957234,0.42131532723313236,0.4843014327994195,40.0,15
challenger_52,1,134,0.15023596016793875,exponential,top40,0.6381033691858392,0.09241802862971585,0.418210248299618,0.511716356722157,40.0,15
challenger_59,4,397,0.8779168859215065,linear,top40,0.637736651315759,0.0659238744142544,0.4181251070882895,0.5444498229068956,40.0,15
challenger_1,1,288,0.002045889862002917,square,top20,0.6376196286670545,0.100844091855466,0.4189747700101859,0.4770378742231376,20.0,15
challenger_42,1,152,0.002999705936254641,exponential,all,0.6362348590722514,0.08996753486962127,0.4232003604590015,0.5113647147330446,88.0,15
challenger_18,2,290,0.3777547638269525,square,top60,0.635806821023324,0.07694738903881453,0.42711663794597593,0.5046933912680654,60.0,15
challenger_45,2,38,1.4595961714469747,square,top60,0.6338212310909881,0.06358080441001483,0.41154461488244193,0.506076833701348,60.0,15
challenger_22,1,236,0.01007739753182558,square,all,0.6332107481503387,0.09404472282648883,0.40137898354474383,0.5025915637251936,88.0,15
challenger_36,1,65,0.9539323680240124,linear,top60,0.6331574730518679,0.08715323168503387,0.40954870161018525,0.5013646193358648,60.0,15
challenger_16,1,282,0.0028928581608418393,exponential,engineered,0.6331061614712635,0.09951412827707247,0.4300633669153556,0.49442607518105103,80.0,15
challenger_50,2,335,0.9083507702241367,square,engineered,0.6303325729490977,0.07450994642898656,0.41757350997890413,0.5046422519799761,80.0,15
challenger_7,3,161,1.6006754911387473,square,top20,0.6296509282248298,0.08828263063569604,0.41247735221411314,0.5349102061803138,20.0,15
challenger_43,1,247,0.003657063540800324,linear,top20,0.6290919442106254,0.09568472953622993,0.39992252930564887,0.49494838096880484,20.0,15
challenger_9,2,46,0.0032308310001648993,exponential,top40,0.6280841487499889,0.08038209675584675,0.43507235399369226,0.4824268822670056,40.0,15
challenger_33,2,385,0.9982794096254668,square,top40,0.6264704652199885,0.09515846706918378,0.4258385324233672,0.4805951130285587,40.0,15
challenger_28,2,38,0.0019826711604180366,exponential,top40,0.626450641816261,0.08164514688624247,0.44775632636429663,0.5219629939127903,40.0,15
