audio_id,y_real,repeat,fold,p_teacher_OOF
001_recortado_denoised,1,1,1,0.3725225031375885
002_recortado_denoised,0,1,1,0.3542850613594055
006_recortado_denoised,0,1,1,0.37272027134895325
009_recortado_denoised,0,1,1,0.13827237486839294
015_recortado_denoised,0,1,1,0.472818523645401
017_recortado_denoised,0,1,1,0.2660199701786041
027_recortado_denoised,1,1,1,0.38322046399116516
030_recortado_denoised,0,1,1,0.3331741988658905
042_recortado_denoised,1,1,1,0.29488271474838257
046_recortado_denoised,0,1,1,0.29906368255615234
050_recortado_denoised,0,1,1,0.24462226033210754
053_recortado_denoised,0,1,1,0.32173416018486023
055_recortado_denoised,1,1,1,0.4672832787036896
057_recortado_denoised,0,1,1,0.3221191465854645
076_recortado_denoised,0,1,1,0.6799724102020264
080_recortado_denoised,0,1,1,0.6537349820137024
003_recortado_denoised,1,1,2,0.21167977154254913
004_recortado_denoised,0,1,2,0.1629340946674347
005_recortado_denoised,0,1,2,0.1517219841480255
011_recortado_denoised,0,1,2,0.3011034429073334
018_recortado_denoised,0,1,2,0.20356833934783936
025_recortado_denoised,0,1,2,0.27761876583099365
038_recortado_denoised,0,1,2,0.304459810256958
044_recortado_denoised,0,1,2,0.44824156165122986
047_recortado_denoised,0,1,2,0.20421941578388214
061_recortado_denoised,1,1,2,0.4219081699848175
062_recortado_denoised,0,1,2,0.3998209536075592
064_recortado_denoised,0,1,2,0.30780425667762756
065_recortado_denoised,1,1,2,0.3613617420196533
075_recortado_denoised,0,1,2,0.5100055932998657
077_recortado_denoised,1,1,2,0.4752325415611267
079_recortado_denoised,0,1,2,0.3452727794647217
007_recortado_denoised,0,1,3,0.2291594296693802
010_recortado_denoised,0,1,3,0.1823771446943283
014_recortado_denoised,0,1,3,0.08062975108623505
020_recortado_denoised,1,1,3,0.15679794549942017
022_recortado_denoised,0,1,3,0.22387665510177612
026_recortado_denoised,0,1,3,0.17641378939151764
029_recortado_denoised,0,1,3,0.2673521339893341
032_recortado_denoised,1,1,3,0.30352964997291565
035_recortado_denoised,0,1,3,0.36032241582870483
040_recortado_denoised,0,1,3,0.1328042596578598
056_recortado_denoised,1,1,3,0.15175606310367584
067_recortado_denoised,1,1,3,0.2345401793718338
068_recortado_denoised,0,1,3,0.1677977591753006
070_recortado_denoised,0,1,3,0.3029300570487976
072_recortado_denoised,0,1,3,0.2654035985469818
078_recortado_denoised,0,1,3,0.32040444016456604
016_recortado_denoised,0,1,4,0.4742777943611145
023_recortado_denoised,0,1,4,0.17670099437236786
024_recortado_denoised,0,1,4,0.18107782304286957
028_recortado_denoised,0,1,4,0.23598909378051758
034_recortado_denoised,0,1,4,0.19892753660678864
036_recortado_denoised,0,1,4,0.1217668205499649
041_recortado_denoised,0,1,4,0.17572511732578278
043_recortado_denoised,1,1,4,0.14484190940856934
048_recortado_denoised,0,1,4,0.2769899368286133
049_recortado_denoised,1,1,4,0.1727954000234604
054_recortado_denoised,0,1,4,0.29289478063583374
059_recortado_denoised,0,1,4,0.29370343685150146
063_recortado_denoised,1,1,4,0.3035847544670105
069_recortado_denoised,0,1,4,0.34922271966934204
073_recortado_denoised,1,1,4,0.32668185234069824
074_recortado_denoised,0,1,4,0.2616962194442749
008_recortado_denoised,0,1,5,0.13397087156772614
012_recortado_denoised,0,1,5,0.18921104073524475
013_recortado_denoised,0,1,5,0.1612967550754547
019_recortado_denoised,0,1,5,0.13262636959552765
021_recortado_denoised,0,1,5,0.15355972945690155
031_recortado_denoised,0,1,5,0.272037535905838
033_recortado_denoised,1,1,5,0.1531188040971756
037_recortado_denoised,0,1,5,0.0806407630443573
039_recortado_denoised,0,1,5,0.1371849775314331
045_recortado_denoised,0,1,5,0.14244839549064636
051_recortado_denoised,1,1,5,0.14118732511997223
052_recortado_denoised,0,1,5,0.2496124505996704
058_recortado_denoised,0,1,5,0.2736755907535553
060_recortado_denoised,1,1,5,0.2732440233230591
071_recortado_denoised,0,1,5,0.1758132427930832
001_recortado_denoised,1,2,1,0.20261460542678833
009_recortado_denoised,0,2,1,0.06023076921701431
011_recortado_denoised,0,2,1,0.0948278158903122
015_recortado_denoised,0,2,1,0.17629526555538177
020_recortado_denoised,1,2,1,0.13661451637744904
021_recortado_denoised,0,2,1,0.20893070101737976
026_recortado_denoised,0,2,1,0.06781957298517227
032_recortado_denoised,1,2,1,0.3028050661087036
039_recortado_denoised,0,2,1,0.18824899196624756
044_recortado_denoised,0,2,1,0.19441531598567963
051_recortado_denoised,1,2,1,0.12129504233598709
058_recortado_denoised,0,2,1,0.3147120475769043
062_recortado_denoised,0,2,1,0.17660734057426453
064_recortado_denoised,0,2,1,0.1530890166759491
072_recortado_denoised,0,2,1,0.3088081181049347
078_recortado_denoised,0,2,1,0.16368933022022247
003_recortado_denoised,1,2,2,0.34501808881759644
007_recortado_denoised,0,2,2,0.2847965657711029
014_recortado_denoised,0,2,2,0.06372560560703278
017_recortado_denoised,0,2,2,0.2753078043460846
018_recortado_denoised,0,2,2,0.3568962514400482
024_recortado_denoised,0,2,2,0.20013435184955597
025_recortado_denoised,0,2,2,0.22147026658058167
029_recortado_denoised,0,2,2,0.40516313910484314
040_recortado_denoised,0,2,2,0.14431409537792206
043_recortado_denoised,1,2,2,0.23972278833389282
047_recortado_denoised,0,2,2,0.2048242688179016
052_recortado_denoised,0,2,2,0.4520757794380188
053_recortado_denoised,0,2,2,0.20277298986911774
063_recortado_denoised,1,2,2,0.24052225053310394
065_recortado_denoised,1,2,2,0.1123126819729805
079_recortado_denoised,0,2,2,0.18293167650699615
004_recortado_denoised,0,2,3,0.38138535618782043
005_recortado_denoised,0,2,3,0.24317078292369843
006_recortado_denoised,0,2,3,0.36922743916511536
019_recortado_denoised,0,2,3,0.28837066888809204
028_recortado_denoised,0,2,3,0.24664431810379028
036_recortado_denoised,0,2,3,0.0975930467247963
038_recortado_denoised,0,2,3,0.4012066423892975
046_recortado_denoised,0,2,3,0.4383237361907959
049_recortado_denoised,1,2,3,0.16263867914676666
056_recortado_denoised,1,2,3,0.16064240038394928
057_recortado_denoised,0,2,3,0.17392604053020477
060_recortado_denoised,1,2,3,0.2678954601287842
061_recortado_denoised,1,2,3,0.21199612319469452
068_recortado_denoised,0,2,3,0.1935216635465622
074_recortado_denoised,0,2,3,0.19833700358867645
076_recortado_denoised,0,2,3,0.4793524146080017
002_recortado_denoised,0,2,4,0.14407020807266235
010_recortado_denoised,0,2,4,0.1869502067565918
012_recortado_denoised,0,2,4,0.3809660077095032
023_recortado_denoised,0,2,4,0.14264963567256927
030_recortado_denoised,0,2,4,0.2541930079460144
034_recortado_denoised,0,2,4,0.1459627002477646
035_recortado_denoised,0,2,4,0.3421474099159241
042_recortado_denoised,1,2,4,0.15720485150814056
045_recortado_denoised,0,2,4,0.1974702775478363
050_recortado_denoised,0,2,4,0.058159396052360535
067_recortado_denoised,1,2,4,0.25200411677360535
069_recortado_denoised,0,2,4,0.24190422892570496
070_recortado_denoised,0,2,4,0.35182520747184753
071_recortado_denoised,0,2,4,0.1734367161989212
073_recortado_denoised,1,2,4,0.20502504706382751
077_recortado_denoised,1,2,4,0.4159303605556488
008_recortado_denoised,0,2,5,0.12806937098503113
013_recortado_denoised,0,2,5,0.16726800799369812
016_recortado_denoised,0,2,5,0.18632346391677856
022_recortado_denoised,0,2,5,0.17219312489032745
027_recortado_denoised,1,2,5,0.2373950332403183
031_recortado_denoised,0,2,5,0.39759063720703125
033_recortado_denoised,1,2,5,0.2957915663719177
037_recortado_denoised,0,2,5,0.06574695557355881
041_recortado_denoised,0,2,5,0.1961631327867508
048_recortado_denoised,0,2,5,0.17335212230682373
054_recortado_denoised,0,2,5,0.23749598860740662
055_recortado_denoised,1,2,5,0.22516858577728271
059_recortado_denoised,0,2,5,0.3288971781730652
075_recortado_denoised,0,2,5,0.2544919550418854
080_recortado_denoised,0,2,5,0.3288075625896454
006_recortado_denoised,0,3,1,0.1473834365606308
007_recortado_denoised,0,3,1,0.1275441199541092
020_recortado_denoised,1,3,1,0.14350426197052002
024_recortado_denoised,0,3,1,0.0985400378704071
025_recortado_denoised,0,3,1,0.12649214267730713
027_recortado_denoised,1,3,1,0.24553881585597992
035_recortado_denoised,0,3,1,0.335105836391449
036_recortado_denoised,0,3,1,0.16044548153877258
042_recortado_denoised,1,3,1,0.1112210676074028
047_recortado_denoised,0,3,1,0.12334403395652771
050_recortado_denoised,0,3,1,0.10760891437530518
065_recortado_denoised,1,3,1,0.09051889181137085
070_recortado_denoised,0,3,1,0.26560309529304504
072_recortado_denoised,0,3,1,0.32126614451408386
074_recortado_denoised,0,3,1,0.17757590115070343
076_recortado_denoised,0,3,1,0.5387111306190491
002_recortado_denoised,0,3,2,0.2668536305427551
003_recortado_denoised,1,3,2,0.18755613267421722
005_recortado_denoised,0,3,2,0.17853887379169464
013_recortado_denoised,0,3,2,0.23099875450134277
017_recortado_denoised,0,3,2,0.2076300084590912
029_recortado_denoised,0,3,2,0.18914760649204254
031_recortado_denoised,0,3,2,0.4052795469760895
032_recortado_denoised,1,3,2,0.3836118280887604
037_recortado_denoised,0,3,2,0.26644107699394226
038_recortado_denoised,0,3,2,0.39008715748786926
044_recortado_denoised,0,3,2,0.28209972381591797
055_recortado_denoised,1,3,2,0.23859624564647675
058_recortado_denoised,0,3,2,0.5465692281723022
059_recortado_denoised,0,3,2,0.3963274359703064
077_recortado_denoised,1,3,2,0.44264402985572815
079_recortado_denoised,0,3,2,0.4755282700061798
016_recortado_denoised,0,3,3,0.46683529019355774
019_recortado_denoised,0,3,3,0.2347734570503235
021_recortado_denoised,0,3,3,0.1476043313741684
022_recortado_denoised,0,3,3,0.1514710932970047
023_recortado_denoised,0,3,3,0.19082196056842804
030_recortado_denoised,0,3,3,0.1781960427761078
034_recortado_denoised,0,3,3,0.15340952575206757
039_recortado_denoised,0,3,3,0.22343410551548004
040_recortado_denoised,0,3,3,0.06215846538543701
051_recortado_denoised,1,3,3,0.144828662276268
056_recortado_denoised,1,3,3,0.14216391742229462
057_recortado_denoised,0,3,3,0.14417725801467896
060_recortado_denoised,1,3,3,0.173679918050766
068_recortado_denoised,0,3,3,0.10445880889892578
071_recortado_denoised,0,3,3,0.25400039553642273
073_recortado_denoised,1,3,3,0.2822289764881134
001_recortado_denoised,1,3,4,0.19011200964450836
008_recortado_denoised,0,3,4,0.0946473777294159
010_recortado_denoised,0,3,4,0.13454341888427734
011_recortado_denoised,0,3,4,0.16843803226947784
012_recortado_denoised,0,3,4,0.18401838839054108
041_recortado_denoised,0,3,4,0.17618687450885773
049_recortado_denoised,1,3,4,0.2421312779188156
053_recortado_denoised,0,3,4,0.10216795653104782
054_recortado_denoised,0,3,4,0.2600571811199188
061_recortado_denoised,1,3,4,0.2219737023115158
062_recortado_denoised,0,3,4,0.22467820346355438
063_recortado_denoised,1,3,4,0.21823550760746002
064_recortado_denoised,0,3,4,0.15121717751026154
069_recortado_denoised,0,3,4,0.17904897034168243
075_recortado_denoised,0,3,4,0.22548969089984894
078_recortado_denoised,0,3,4,0.27246788144111633
004_recortado_denoised,0,3,5,0.2917398512363434
009_recortado_denoised,0,3,5,0.10314877331256866
014_recortado_denoised,0,3,5,0.05783722177147865
015_recortado_denoised,0,3,5,0.3610212206840515
018_recortado_denoised,0,3,5,0.48151546716690063
026_recortado_denoised,0,3,5,0.15877549350261688
028_recortado_denoised,0,3,5,0.39584556221961975
033_recortado_denoised,1,3,5,0.19313324987888336
043_recortado_denoised,1,3,5,0.24583102762699127
045_recortado_denoised,0,3,5,0.14082016050815582
046_recortado_denoised,0,3,5,0.182593435049057
048_recortado_denoised,0,3,5,0.17000173032283783
052_recortado_denoised,0,3,5,0.34712836146354675
067_recortado_denoised,1,3,5,0.38336288928985596
080_recortado_denoised,0,3,5,0.2635507583618164
006_recortado_denoised,0,4,1,0.2386442869901657
011_recortado_denoised,0,4,1,0.18195827305316925
018_recortado_denoised,0,4,1,0.2974356412887573
020_recortado_denoised,1,4,1,0.2771341800689697
026_recortado_denoised,0,4,1,0.155033677816391
027_recortado_denoised,1,4,1,0.3214726746082306
044_recortado_denoised,0,4,1,0.3475683033466339
045_recortado_denoised,0,4,1,0.15100041031837463
052_recortado_denoised,0,4,1,0.3569515347480774
059_recortado_denoised,0,4,1,0.3656749427318573
060_recortado_denoised,1,4,1,0.37760066986083984
065_recortado_denoised,1,4,1,0.09991338849067688
068_recortado_denoised,0,4,1,0.060130562633275986
069_recortado_denoised,0,4,1,0.3042222559452057
071_recortado_denoised,0,4,1,0.5255098342895508
072_recortado_denoised,0,4,1,0.29448261857032776
002_recortado_denoised,0,4,2,0.2571102976799011
003_recortado_denoised,1,4,2,0.20331428945064545
004_recortado_denoised,0,4,2,0.2187601625919342
008_recortado_denoised,0,4,2,0.15496689081192017
012_recortado_denoised,0,4,2,0.2804970443248749
024_recortado_denoised,0,4,2,0.3073822259902954
031_recortado_denoised,0,4,2,0.44445255398750305
033_recortado_denoised,1,4,2,0.27161359786987305
036_recortado_denoised,0,4,2,0.27171090245246887
037_recortado_denoised,0,4,2,0.17298565804958344
048_recortado_denoised,0,4,2,0.17471548914909363
050_recortado_denoised,0,4,2,0.20889776945114136
054_recortado_denoised,0,4,2,0.30260804295539856
063_recortado_denoised,1,4,2,0.39455750584602356
073_recortado_denoised,1,4,2,0.3044604957103729
080_recortado_denoised,0,4,2,0.19527508318424225
001_recortado_denoised,1,4,3,0.2503466308116913
005_recortado_denoised,0,4,3,0.06098565459251404
019_recortado_denoised,0,4,3,0.1318138688802719
022_recortado_denoised,0,4,3,0.16942408680915833
023_recortado_denoised,0,4,3,0.11510991305112839
032_recortado_denoised,1,4,3,0.20537418127059937
035_recortado_denoised,0,4,3,0.4664972722530365
038_recortado_denoised,0,4,3,0.26480764150619507
039_recortado_denoised,0,4,3,0.24052666127681732
040_recortado_denoised,0,4,3,0.04505722597241402
047_recortado_denoised,0,4,3,0.10794209688901901
049_recortado_denoised,1,4,3,0.1465758979320526
057_recortado_denoised,0,4,3,0.29458385705947876
062_recortado_denoised,0,4,3,0.29878395795822144
067_recortado_denoised,1,4,3,0.3428570330142975
079_recortado_denoised,0,4,3,0.29551905393600464
009_recortado_denoised,0,4,4,0.10177033394575119
015_recortado_denoised,0,4,4,0.38936835527420044
016_recortado_denoised,0,4,4,0.434791624546051
021_recortado_denoised,0,4,4,0.21384593844413757
028_recortado_denoised,0,4,4,0.2908133566379547
029_recortado_denoised,0,4,4,0.2094525843858719
030_recortado_denoised,0,4,4,0.19756416976451874
041_recortado_denoised,0,4,4,0.19495601952075958
042_recortado_denoised,1,4,4,0.1678808033466339
043_recortado_denoised,1,4,4,0.41342034935951233
046_recortado_denoised,0,4,4,0.16166812181472778
055_recortado_denoised,1,4,4,0.3353169560432434
056_recortado_denoised,1,4,4,0.14519694447517395
058_recortado_denoised,0,4,4,0.43580907583236694
064_recortado_denoised,0,4,4,0.20858201384544373
078_recortado_denoised,0,4,4,0.45363739132881165
007_recortado_denoised,0,4,5,0.14136283099651337
010_recortado_denoised,0,4,5,0.0887141078710556
013_recortado_denoised,0,4,5,0.09766323864459991
014_recortado_denoised,0,4,5,0.07379641383886337
017_recortado_denoised,0,4,5,0.11977212876081467
025_recortado_denoised,0,4,5,0.10340815782546997
034_recortado_denoised,0,4,5,0.061899520456790924
051_recortado_denoised,1,4,5,0.14275257289409637
053_recortado_denoised,0,4,5,0.06740864366292953
061_recortado_denoised,1,4,5,0.16820234060287476
070_recortado_denoised,0,4,5,0.25191494822502136
074_recortado_denoised,0,4,5,0.07659289240837097
075_recortado_denoised,0,4,5,0.23820888996124268
076_recortado_denoised,0,4,5,0.5224397778511047
077_recortado_denoised,1,4,5,0.3862917423248291
002_recortado_denoised,0,5,1,0.08206187933683395
015_recortado_denoised,0,5,1,0.11556100100278854
021_recortado_denoised,0,5,1,0.1165197566151619
026_recortado_denoised,0,5,1,0.04458159953355789
028_recortado_denoised,0,5,1,0.08339696377515793
031_recortado_denoised,0,5,1,0.1319776326417923
034_recortado_denoised,0,5,1,0.07290925085544586
035_recortado_denoised,0,5,1,0.1688375174999237
036_recortado_denoised,0,5,1,0.08394685387611389
041_recortado_denoised,0,5,1,0.09565792232751846
054_recortado_denoised,0,5,1,0.09219600260257721
055_recortado_denoised,1,5,1,0.11649459600448608
056_recortado_denoised,1,5,1,0.06963443756103516
073_recortado_denoised,1,5,1,0.09291278570890427
077_recortado_denoised,1,5,1,0.1715192347764969
079_recortado_denoised,0,5,1,0.08653365820646286
006_recortado_denoised,0,5,2,0.15314123034477234
010_recortado_denoised,0,5,2,0.08091171085834503
013_recortado_denoised,0,5,2,0.1876710206270218
019_recortado_denoised,0,5,2,0.10615415871143341
020_recortado_denoised,1,5,2,0.09906020760536194
023_recortado_denoised,0,5,2,0.19888631999492645
029_recortado_denoised,0,5,2,0.19591554999351501
032_recortado_denoised,1,5,2,0.28523415327072144
037_recortado_denoised,0,5,2,0.24204722046852112
043_recortado_denoised,1,5,2,0.15340498089790344
045_recortado_denoised,0,5,2,0.09533967822790146
053_recortado_denoised,0,5,2,0.08934453129768372
058_recortado_denoised,0,5,2,0.4525979459285736
061_recortado_denoised,1,5,2,0.28744012117385864
062_recortado_denoised,0,5,2,0.1977907121181488
074_recortado_denoised,0,5,2,0.26070234179496765
001_recortado_denoised,1,5,3,0.2798086702823639
005_recortado_denoised,0,5,3,0.043312106281518936
009_recortado_denoised,0,5,3,0.10013552010059357
011_recortado_denoised,0,5,3,0.07279151678085327
016_recortado_denoised,0,5,3,0.21168623864650726
033_recortado_denoised,1,5,3,0.17086456716060638
038_recortado_denoised,0,5,3,0.12620945274829865
040_recortado_denoised,0,5,3,0.021782726049423218
042_recortado_denoised,1,5,3,0.09476320445537567
052_recortado_denoised,0,5,3,0.1657176911830902
059_recortado_denoised,0,5,3,0.1898084133863449
060_recortado_denoised,1,5,3,0.20930522680282593
064_recortado_denoised,0,5,3,0.13168951869010925
069_recortado_denoised,0,5,3,0.24269333481788635
072_recortado_denoised,0,5,3,0.19448167085647583
078_recortado_denoised,0,5,3,0.36823251843452454
003_recortado_denoised,1,5,4,0.07439374923706055
004_recortado_denoised,0,5,4,0.13335321843624115
012_recortado_denoised,0,5,4,0.29827332496643066
014_recortado_denoised,0,5,4,0.04760141298174858
018_recortado_denoised,0,5,4,0.3327074348926544
022_recortado_denoised,0,5,4,0.2685185670852661
024_recortado_denoised,0,5,4,0.180841326713562
025_recortado_denoised,0,5,4,0.19893211126327515
046_recortado_denoised,0,5,4,0.08692502230405807
048_recortado_denoised,0,5,4,0.09913606196641922
051_recortado_denoised,1,5,4,0.2538280785083771
065_recortado_denoised,1,5,4,0.06754568964242935
067_recortado_denoised,1,5,4,0.22650083899497986
070_recortado_denoised,0,5,4,0.43375569581985474
075_recortado_denoised,0,5,4,0.3639802634716034
076_recortado_denoised,0,5,4,0.518574595451355
007_recortado_denoised,0,5,5,0.11382028460502625
008_recortado_denoised,0,5,5,0.0651155561208725
017_recortado_denoised,0,5,5,0.09162477403879166
027_recortado_denoised,1,5,5,0.1320836842060089
030_recortado_denoised,0,5,5,0.1022440567612648
039_recortado_denoised,0,5,5,0.16691966354846954
044_recortado_denoised,0,5,5,0.19448578357696533
047_recortado_denoised,0,5,5,0.11476440727710724
049_recortado_denoised,1,5,5,0.0889909565448761
050_recortado_denoised,0,5,5,0.06323902308940887
057_recortado_denoised,0,5,5,0.22278165817260742
063_recortado_denoised,1,5,5,0.14515700936317444
068_recortado_denoised,0,5,5,0.05983118712902069
071_recortado_denoised,0,5,5,0.23935243487358093
080_recortado_denoised,0,5,5,0.2453121542930603
002_recortado_denoised,0,6,1,0.1665956974029541
005_recortado_denoised,0,6,1,0.1097932681441307
012_recortado_denoised,0,6,1,0.11067071557044983
013_recortado_denoised,0,6,1,0.1746966391801834
015_recortado_denoised,0,6,1,0.2115725576877594
020_recortado_denoised,1,6,1,0.08530759811401367
026_recortado_denoised,0,6,1,0.13205918669700623
027_recortado_denoised,1,6,1,0.11292342841625214
030_recortado_denoised,0,6,1,0.10574230551719666
031_recortado_denoised,0,6,1,0.29478970170021057
038_recortado_denoised,0,6,1,0.19862177968025208
043_recortado_denoised,1,6,1,0.12442798167467117
045_recortado_denoised,0,6,1,0.0631415992975235
046_recortado_denoised,0,6,1,0.20050038397312164
047_recortado_denoised,0,6,1,0.13950437307357788
055_recortado_denoised,1,6,1,0.12614235281944275
006_recortado_denoised,0,6,2,0.19752833247184753
016_recortado_denoised,0,6,2,0.3617844879627228
018_recortado_denoised,0,6,2,0.26633861660957336
019_recortado_denoised,0,6,2,0.30916857719421387
021_recortado_denoised,0,6,2,0.39722397923469543
029_recortado_denoised,0,6,2,0.2250293642282486
033_recortado_denoised,1,6,2,0.1788858324289322
036_recortado_denoised,0,6,2,0.2372867316007614
048_recortado_denoised,0,6,2,0.09934436529874802
051_recortado_denoised,1,6,2,0.23902441561222076
056_recortado_denoised,1,6,2,0.12732943892478943
058_recortado_denoised,0,6,2,0.31114625930786133
059_recortado_denoised,0,6,2,0.2663482427597046
067_recortado_denoised,1,6,2,0.25964680314064026
069_recortado_denoised,0,6,2,0.18796192109584808
070_recortado_denoised,0,6,2,0.2827055752277374
009_recortado_denoised,0,6,3,0.050121694803237915
010_recortado_denoised,0,6,3,0.24650852382183075
011_recortado_denoised,0,6,3,0.279075562953949
017_recortado_denoised,0,6,3,0.24172915518283844
032_recortado_denoised,1,6,3,0.1939103752374649
035_recortado_denoised,0,6,3,0.39542296528816223
039_recortado_denoised,0,6,3,0.3673679232597351
041_recortado_denoised,0,6,3,0.49718743562698364
053_recortado_denoised,0,6,3,0.15738427639007568
054_recortado_denoised,0,6,3,0.38172122836112976
060_recortado_denoised,1,6,3,0.2125580757856369
061_recortado_denoised,1,6,3,0.23951919376850128
073_recortado_denoised,1,6,3,0.2649378478527069
075_recortado_denoised,0,6,3,0.41840341687202454
078_recortado_denoised,0,6,3,0.43628406524658203
080_recortado_denoised,0,6,3,0.3486956059932709
001_recortado_denoised,1,6,4,0.3114011883735657
003_recortado_denoised,1,6,4,0.3266144394874573
007_recortado_denoised,0,6,4,0.2938072383403778
008_recortado_denoised,0,6,4,0.30641332268714905
014_recortado_denoised,0,6,4,0.08262703567743301
022_recortado_denoised,0,6,4,0.38452428579330444
023_recortado_denoised,0,6,4,0.2520085275173187
024_recortado_denoised,0,6,4,0.2327980101108551
025_recortado_denoised,0,6,4,0.3179919719696045
049_recortado_denoised,1,6,4,0.36756226420402527
050_recortado_denoised,0,6,4,0.16592282056808472
052_recortado_denoised,0,6,4,0.3434988260269165
064_recortado_denoised,0,6,4,0.29139184951782227
065_recortado_denoised,1,6,4,0.16940195858478546
072_recortado_denoised,0,6,4,0.25530609488487244
076_recortado_denoised,0,6,4,0.33472204208374023
004_recortado_denoised,0,6,5,0.16403891146183014
028_recortado_denoised,0,6,5,0.10798946768045425
034_recortado_denoised,0,6,5,0.1899154633283615
037_recortado_denoised,0,6,5,0.2305947244167328
040_recortado_denoised,0,6,5,0.0935891717672348
042_recortado_denoised,1,6,5,0.11040109395980835
044_recortado_denoised,0,6,5,0.3189011812210083
057_recortado_denoised,0,6,5,0.3654216527938843
062_recortado_denoised,0,6,5,0.24811507761478424
063_recortado_denoised,1,6,5,0.1802133023738861
068_recortado_denoised,0,6,5,0.07574114203453064
071_recortado_denoised,0,6,5,0.34651997685432434
074_recortado_denoised,0,6,5,0.25551164150238037
077_recortado_denoised,1,6,5,0.5722377896308899
079_recortado_denoised,0,6,5,0.2181735783815384
008_recortado_denoised,0,7,1,0.1412675976753235
019_recortado_denoised,0,7,1,0.3087446093559265
024_recortado_denoised,0,7,1,0.2485501766204834
029_recortado_denoised,0,7,1,0.19985727965831757
030_recortado_denoised,0,7,1,0.20043493807315826
031_recortado_denoised,0,7,1,0.5282706618309021
040_recortado_denoised,0,7,1,0.11274012178182602
047_recortado_denoised,0,7,1,0.2319253385066986
051_recortado_denoised,1,7,1,0.270916223526001
056_recortado_denoised,1,7,1,0.1467578411102295
058_recortado_denoised,0,7,1,0.2880702316761017
064_recortado_denoised,0,7,1,0.29011791944503784
067_recortado_denoised,1,7,1,0.34495458006858826
068_recortado_denoised,0,7,1,0.21068307757377625
073_recortado_denoised,1,7,1,0.37901559472084045
079_recortado_denoised,0,7,1,0.274763286113739
001_recortado_denoised,1,7,2,0.3694976568222046
003_recortado_denoised,1,7,2,0.10246989876031876
005_recortado_denoised,0,7,2,0.26205894351005554
009_recortado_denoised,0,7,2,0.16226068139076233
011_recortado_denoised,0,7,2,0.1531246155500412
014_recortado_denoised,0,7,2,0.22846181690692902
022_recortado_denoised,0,7,2,0.37100499868392944
026_recortado_denoised,0,7,2,0.2442757785320282
028_recortado_denoised,0,7,2,0.330830454826355
034_recortado_denoised,0,7,2,0.2349383682012558
044_recortado_denoised,0,7,2,0.491155743598938
045_recortado_denoised,0,7,2,0.2539425492286682
049_recortado_denoised,1,7,2,0.08799424767494202
052_recortado_denoised,0,7,2,0.12121271342039108
077_recortado_denoised,1,7,2,0.6326765418052673
080_recortado_denoised,0,7,2,0.37179499864578247
007_recortado_denoised,0,7,3,0.33892831206321716
010_recortado_denoised,0,7,3,0.1415037363767624
013_recortado_denoised,0,7,3,0.1962662637233734
017_recortado_denoised,0,7,3,0.1797798126935959
018_recortado_denoised,0,7,3,0.1087888702750206
020_recortado_denoised,1,7,3,0.23056361079216003
023_recortado_denoised,0,7,3,0.2463659793138504
027_recortado_denoised,1,7,3,0.28625160455703735
036_recortado_denoised,0,7,3,0.1951659619808197
041_recortado_denoised,0,7,3,0.2184770405292511
042_recortado_denoised,1,7,3,0.18581970036029816
048_recortado_denoised,0,7,3,0.10733607411384583
053_recortado_denoised,0,7,3,0.20857533812522888
061_recortado_denoised,1,7,3,0.32868432998657227
075_recortado_denoised,0,7,3,0.3507663905620575
076_recortado_denoised,0,7,3,0.6360580921173096
004_recortado_denoised,0,7,4,0.27411484718322754
012_recortado_denoised,0,7,4,0.27849555015563965
021_recortado_denoised,0,7,4,0.18111500144004822
025_recortado_denoised,0,7,4,0.20181584358215332
033_recortado_denoised,1,7,4,0.27989739179611206
035_recortado_denoised,0,7,4,0.3363286256790161
037_recortado_denoised,0,7,4,0.16870182752609253
038_recortado_denoised,0,7,4,0.2957353889942169
039_recortado_denoised,0,7,4,0.299451619386673
054_recortado_denoised,0,7,4,0.22086238861083984
055_recortado_denoised,1,7,4,0.2147693634033203
059_recortado_denoised,0,7,4,0.34393805265426636
060_recortado_denoised,1,7,4,0.40855562686920166
063_recortado_denoised,1,7,4,0.2872978448867798
070_recortado_denoised,0,7,4,0.352295845746994
071_recortado_denoised,0,7,4,0.4307754635810852
002_recortado_denoised,0,7,5,0.16185356676578522
006_recortado_denoised,0,7,5,0.3051380217075348
015_recortado_denoised,0,7,5,0.2188042849302292
016_recortado_denoised,0,7,5,0.256960391998291
032_recortado_denoised,1,7,5,0.18898624181747437
043_recortado_denoised,1,7,5,0.27998313307762146
046_recortado_denoised,0,7,5,0.2646544873714447
050_recortado_denoised,0,7,5,0.18149839341640472
057_recortado_denoised,0,7,5,0.23497211933135986
062_recortado_denoised,0,7,5,0.317901074886322
065_recortado_denoised,1,7,5,0.13066449761390686
069_recortado_denoised,0,7,5,0.18066497147083282
072_recortado_denoised,0,7,5,0.24306948482990265
074_recortado_denoised,0,7,5,0.3409375250339508
078_recortado_denoised,0,7,5,0.28932520747184753
001_recortado_denoised,1,8,1,0.3682168424129486
012_recortado_denoised,0,8,1,0.3812330663204193
014_recortado_denoised,0,8,1,0.1999697983264923
017_recortado_denoised,0,8,1,0.3560692369937897
022_recortado_denoised,0,8,1,0.41040918231010437
026_recortado_denoised,0,8,1,0.3036680817604065
030_recortado_denoised,0,8,1,0.21257510781288147
031_recortado_denoised,0,8,1,0.4921891391277313
037_recortado_denoised,0,8,1,0.25192055106163025
038_recortado_denoised,0,8,1,0.26583683490753174
041_recortado_denoised,0,8,1,0.23831093311309814
060_recortado_denoised,1,8,1,0.416964054107666
063_recortado_denoised,1,8,1,0.4633164703845978
068_recortado_denoised,0,8,1,0.15400196611881256
070_recortado_denoised,0,8,1,0.44520726799964905
073_recortado_denoised,1,8,1,0.5017956495285034
003_recortado_denoised,1,8,2,0.08783973008394241
004_recortado_denoised,0,8,2,0.18627925217151642
006_recortado_denoised,0,8,2,0.1970793753862381
015_recortado_denoised,0,8,2,0.23806221783161163
019_recortado_denoised,0,8,2,0.2003498524427414
028_recortado_denoised,0,8,2,0.2606697380542755
033_recortado_denoised,1,8,2,0.20231355726718903
034_recortado_denoised,0,8,2,0.16082395613193512
040_recortado_denoised,0,8,2,0.11546041071414948
042_recortado_denoised,1,8,2,0.19203931093215942
055_recortado_denoised,1,8,2,0.1936059296131134
058_recortado_denoised,0,8,2,0.460872620344162
062_recortado_denoised,0,8,2,0.3266656994819641
072_recortado_denoised,0,8,2,0.17888450622558594
075_recortado_denoised,0,8,2,0.27566593885421753
079_recortado_denoised,0,8,2,0.2736005485057831
010_recortado_denoised,0,8,3,0.11510023474693298
018_recortado_denoised,0,8,3,0.2624269425868988
020_recortado_denoised,1,8,3,0.14676262438297272
023_recortado_denoised,0,8,3,0.24142839014530182
024_recortado_denoised,0,8,3,0.18973101675510406
027_recortado_denoised,1,8,3,0.11784441024065018
032_recortado_denoised,1,8,3,0.312219500541687
035_recortado_denoised,0,8,3,0.5835952758789062
036_recortado_denoised,0,8,3,0.1359768509864807
044_recortado_denoised,0,8,3,0.413750022649765
059_recortado_denoised,0,8,3,0.360548198223114
064_recortado_denoised,0,8,3,0.30325764417648315
067_recortado_denoised,1,8,3,0.1825633943080902
069_recortado_denoised,0,8,3,0.33624541759490967
078_recortado_denoised,0,8,3,0.4384165406227112
080_recortado_denoised,0,8,3,0.25741147994995117
002_recortado_denoised,0,8,4,0.3551890552043915
008_recortado_denoised,0,8,4,0.1946191042661667
013_recortado_denoised,0,8,4,0.12874306738376617
016_recortado_denoised,0,8,4,0.49611541628837585
021_recortado_denoised,0,8,4,0.262050986289978
025_recortado_denoised,0,8,4,0.13588055968284607
029_recortado_denoised,0,8,4,0.1536724716424942
045_recortado_denoised,0,8,4,0.11990591138601303
049_recortado_denoised,1,8,4,0.2257876694202423
052_recortado_denoised,0,8,4,0.25754696130752563
053_recortado_denoised,0,8,4,0.25820860266685486
054_recortado_denoised,0,8,4,0.32526329159736633
061_recortado_denoised,1,8,4,0.23332199454307556
065_recortado_denoised,1,8,4,0.07730386406183243
074_recortado_denoised,0,8,4,0.07827625423669815
077_recortado_denoised,1,8,4,0.40323346853256226
005_recortado_denoised,0,8,5,0.11612344533205032
007_recortado_denoised,0,8,5,0.12118785828351974
009_recortado_denoised,0,8,5,0.10958195477724075
011_recortado_denoised,0,8,5,0.07387077808380127
039_recortado_denoised,0,8,5,0.20163100957870483
043_recortado_denoised,1,8,5,0.16764917969703674
046_recortado_denoised,0,8,5,0.256117582321167
047_recortado_denoised,0,8,5,0.1672661304473877
048_recortado_denoised,0,8,5,0.13069459795951843
050_recortado_denoised,0,8,5,0.08400171250104904
051_recortado_denoised,1,8,5,0.04429827630519867
056_recortado_denoised,1,8,5,0.17242611944675446
057_recortado_denoised,0,8,5,0.2602350413799286
071_recortado_denoised,0,8,5,0.25447437167167664
076_recortado_denoised,0,8,5,0.5268792510032654
005_recortado_denoised,0,9,1,0.08134270459413528
007_recortado_denoised,0,9,1,0.17151124775409698
018_recortado_denoised,0,9,1,0.169816792011261
019_recortado_denoised,0,9,1,0.14925521612167358
023_recortado_denoised,0,9,1,0.16018551588058472
029_recortado_denoised,0,9,1,0.231052428483963
031_recortado_denoised,0,9,1,0.4082154929637909
033_recortado_denoised,1,9,1,0.24509306252002716
034_recortado_denoised,0,9,1,0.20440806448459625
039_recortado_denoised,0,9,1,0.2363639622926712
040_recortado_denoised,0,9,1,0.05795861408114433
049_recortado_denoised,1,9,1,0.14373505115509033
051_recortado_denoised,1,9,1,0.15839247405529022
054_recortado_denoised,0,9,1,0.24795915186405182
060_recortado_denoised,1,9,1,0.2761903405189514
071_recortado_denoised,0,9,1,0.5086548924446106
001_recortado_denoised,1,9,2,0.40008580684661865
004_recortado_denoised,0,9,2,0.1590908169746399
011_recortado_denoised,0,9,2,0.13992296159267426
015_recortado_denoised,0,9,2,0.30641093850135803
022_recortado_denoised,0,9,2,0.2143881767988205
032_recortado_denoised,1,9,2,0.42227092385292053
037_recortado_denoised,0,9,2,0.12397575378417969
042_recortado_denoised,1,9,2,0.0814405158162117
044_recortado_denoised,0,9,2,0.486798495054245
045_recortado_denoised,0,9,2,0.06670905649662018
046_recortado_denoised,0,9,2,0.14324676990509033
047_recortado_denoised,0,9,2,0.10796386003494263
048_recortado_denoised,0,9,2,0.1256273090839386
058_recortado_denoised,0,9,2,0.6607783436775208
059_recortado_denoised,0,9,2,0.39434272050857544
067_recortado_denoised,1,9,2,0.34499961137771606
006_recortado_denoised,0,9,3,0.2442367523908615
013_recortado_denoised,0,9,3,0.27344390749931335
014_recortado_denoised,0,9,3,0.12091919779777527
016_recortado_denoised,0,9,3,0.4662243127822876
024_recortado_denoised,0,9,3,0.13669991493225098
026_recortado_denoised,0,9,3,0.19200719892978668
041_recortado_denoised,0,9,3,0.19808858633041382
043_recortado_denoised,1,9,3,0.2960647940635681
050_recortado_denoised,0,9,3,0.16560450196266174
052_recortado_denoised,0,9,3,0.410645067691803
063_recortado_denoised,1,9,3,0.3675147593021393
065_recortado_denoised,1,9,3,0.12447398900985718
068_recortado_denoised,0,9,3,0.14169679582118988
073_recortado_denoised,1,9,3,0.34431326389312744
075_recortado_denoised,0,9,3,0.41185861825942993
078_recortado_denoised,0,9,3,0.4019891321659088
003_recortado_denoised,1,9,4,0.04338620603084564
008_recortado_denoised,0,9,4,0.07194817066192627
009_recortado_denoised,0,9,4,0.09762822091579437
010_recortado_denoised,0,9,4,0.13641342520713806
012_recortado_denoised,0,9,4,0.24858355522155762
017_recortado_denoised,0,9,4,0.26170408725738525
027_recortado_denoised,1,9,4,0.2296326607465744
038_recortado_denoised,0,9,4,0.18461018800735474
053_recortado_denoised,0,9,4,0.21849475800991058
055_recortado_denoised,1,9,4,0.13339637219905853
057_recortado_denoised,0,9,4,0.22829394042491913
061_recortado_denoised,1,9,4,0.17176416516304016
062_recortado_denoised,0,9,4,0.28801634907722473
069_recortado_denoised,0,9,4,0.1073514074087143
070_recortado_denoised,0,9,4,0.41169673204421997
074_recortado_denoised,0,9,4,0.12464448809623718
002_recortado_denoised,0,9,5,0.2341666966676712
020_recortado_denoised,1,9,5,0.21203644573688507
021_recortado_denoised,0,9,5,0.270527184009552
025_recortado_denoised,0,9,5,0.1766848862171173
028_recortado_denoised,0,9,5,0.26225733757019043
030_recortado_denoised,0,9,5,0.3096885085105896
035_recortado_denoised,0,9,5,0.3766912519931793
036_recortado_denoised,0,9,5,0.21799127757549286
056_recortado_denoised,1,9,5,0.17937155067920685
064_recortado_denoised,0,9,5,0.4084445536136627
072_recortado_denoised,0,9,5,0.3647850751876831
076_recortado_denoised,0,9,5,0.39958128333091736
077_recortado_denoised,1,9,5,0.4096497595310211
079_recortado_denoised,0,9,5,0.36286017298698425
080_recortado_denoised,0,9,5,0.37915918231010437
001_recortado_denoised,1,10,1,0.41625818610191345
002_recortado_denoised,0,10,1,0.23034460842609406
020_recortado_denoised,1,10,1,0.27366772294044495
021_recortado_denoised,0,10,1,0.14133450388908386
023_recortado_denoised,0,10,1,0.14828728139400482
024_recortado_denoised,0,10,1,0.14225880801677704
028_recortado_denoised,0,10,1,0.21054740250110626
036_recortado_denoised,0,10,1,0.1335921287536621
042_recortado_denoised,1,10,1,0.1468350738286972
044_recortado_denoised,0,10,1,0.524381697177887
047_recortado_denoised,0,10,1,0.11797860264778137
053_recortado_denoised,0,10,1,0.1866377741098404
058_recortado_denoised,0,10,1,0.5205167531967163
061_recortado_denoised,1,10,1,0.24307669699192047
062_recortado_denoised,0,10,1,0.4864170253276825
080_recortado_denoised,0,10,1,0.3443926274776459
004_recortado_denoised,0,10,2,0.2092915028333664
005_recortado_denoised,0,10,2,0.16369275748729706
012_recortado_denoised,0,10,2,0.5149183869361877
017_recortado_denoised,0,10,2,0.27474498748779297
019_recortado_denoised,0,10,2,0.21824686229228973
037_recortado_denoised,0,10,2,0.10763947665691376
040_recortado_denoised,0,10,2,0.1257537305355072
046_recortado_denoised,0,10,2,0.1942865550518036
049_recortado_denoised,1,10,2,0.22704863548278809
054_recortado_denoised,0,10,2,0.40297460556030273
056_recortado_denoised,1,10,2,0.18476398289203644
067_recortado_denoised,1,10,2,0.2877010107040405
071_recortado_denoised,0,10,2,0.23271755874156952
075_recortado_denoised,0,10,2,0.32738083600997925
077_recortado_denoised,1,10,2,0.5246190428733826
079_recortado_denoised,0,10,2,0.3039264976978302
006_recortado_denoised,0,10,3,0.15390625596046448
008_recortado_denoised,0,10,3,0.09165644645690918
022_recortado_denoised,0,10,3,0.2634127140045166
027_recortado_denoised,1,10,3,0.1355496048927307
041_recortado_denoised,0,10,3,0.147147998213768
043_recortado_denoised,1,10,3,0.13443206250667572
052_recortado_denoised,0,10,3,0.2758047878742218
057_recortado_denoised,0,10,3,0.07978824526071548
060_recortado_denoised,1,10,3,0.14547131955623627
063_recortado_denoised,1,10,3,0.17215318977832794
064_recortado_denoised,0,10,3,0.09842676669359207
069_recortado_denoised,0,10,3,0.23143091797828674
070_recortado_denoised,0,10,3,0.2718619108200073
074_recortado_denoised,0,10,3,0.1267617791891098
076_recortado_denoised,0,10,3,0.6326032876968384
078_recortado_denoised,0,10,3,0.3519190847873688
003_recortado_denoised,1,10,4,0.1046702116727829
013_recortado_denoised,0,10,4,0.354308545589447
016_recortado_denoised,0,10,4,0.16892729699611664
018_recortado_denoised,0,10,4,0.2491922676563263
026_recortado_denoised,0,10,4,0.21071559190750122
032_recortado_denoised,1,10,4,0.19781744480133057
034_recortado_denoised,0,10,4,0.10192850977182388
035_recortado_denoised,0,10,4,0.305704265832901
038_recortado_denoised,0,10,4,0.34205392003059387
039_recortado_denoised,0,10,4,0.19845075905323029
045_recortado_denoised,0,10,4,0.21293175220489502
048_recortado_denoised,0,10,4,0.26533734798431396
050_recortado_denoised,0,10,4,0.1007750928401947
055_recortado_denoised,1,10,4,0.17605237662792206
065_recortado_denoised,1,10,4,0.12289243191480637
068_recortado_denoised,0,10,4,0.09760866314172745
007_recortado_denoised,0,10,5,0.14087516069412231
009_recortado_denoised,0,10,5,0.14633923768997192
010_recortado_denoised,0,10,5,0.14681179821491241
011_recortado_denoised,0,10,5,0.1176939606666565
014_recortado_denoised,0,10,5,0.06536850333213806
015_recortado_denoised,0,10,5,0.25160062313079834
025_recortado_denoised,0,10,5,0.13562962412834167
029_recortado_denoised,0,10,5,0.2427912950515747
030_recortado_denoised,0,10,5,0.19532795250415802
031_recortado_denoised,0,10,5,0.32360100746154785
033_recortado_denoised,1,10,5,0.14311325550079346
051_recortado_denoised,1,10,5,0.15004590153694153
059_recortado_denoised,0,10,5,0.25748690962791443
072_recortado_denoised,0,10,5,0.26598086953163147
073_recortado_denoised,1,10,5,0.19243916869163513
