feature,mean_abs_shap
slopeV0-500_sma3nz_amean,0.03962554413664787
logRelF0-H1-H2_sma3nz_amean,0.020577341298242006
loudness_sma3_percentile20.0,0.016684443634702135
logRelF0-H1-A3_sma3nz_stddevNorm,0.015333641878666973
slopeV500-1500_sma3nz_amean,0.012049793841407572
slopeUV0-500_sma3nz_amean,0.012043368580288863
F3amplitudeLogRelF0_sma3nz_stddevNorm,0.00727526695534651
slopeV0-500_sma3nz_stddevNorm,0.0055822550132657005
F0semitoneFrom27.5Hz_sma3nz_percentile80.0,0.004969700733295172
F1frequency_sma3nz_stddevNorm,0.004786849332088631
F2frequency_sma3nz_amean,0.003627089062216761
loudness_sma3_percentile50.0,0.0036158504154999403
logRelF0-H1-A3_sma3nz_amean,0.0036027729814819775
mfcc3_sma3_amean,0.00010960282301354027
loudness_sma3_stddevNorm,0.0
F0semitoneFrom27.5Hz_sma3nz_stddevFallingSlope,0.0
F0semitoneFrom27.5Hz_sma3nz_stddevRisingSlope,0.0
F0semitoneFrom27.5Hz_sma3nz_meanRisingSlope,0.0
F0semitoneFrom27.5Hz_sma3nz_meanFallingSlope,0.0
F0semitoneFrom27.5Hz_sma3nz_amean,0.0
F0semitoneFrom27.5Hz_sma3nz_percentile50.0,0.0
F0semitoneFrom27.5Hz_sma3nz_pctlrange0-2,0.0
F0semitoneFrom27.5Hz_sma3nz_percentile20.0,0.0
F0semitoneFrom27.5Hz_sma3nz_stddevNorm,0.0
mfcc1_sma3_stddevNorm,0.0
mfcc1_sma3_amean,0.0
spectralFlux_sma3_stddevNorm,0.0
spectralFlux_sma3_amean,0.0
loudness_sma3_stddevFallingSlope,0.0
loudness_sma3_meanFallingSlope,0.0
loudness_sma3_stddevRisingSlope,0.0
loudness_sma3_meanRisingSlope,0.0
loudness_sma3_pctlrange0-2,0.0
loudness_sma3_percentile80.0,0.0
loudness_sma3_amean,0.0
mfcc4_sma3_stddevNorm,0.0
jitterLocal_sma3nz_stddevNorm,0.0
jitterLocal_sma3nz_amean,0.0
mfcc4_sma3_amean,0.0
mfcc2_sma3_amean,0.0
logRelF0-H1-H2_sma3nz_stddevNorm,0.0
shimmerLocaldB_sma3nz_stddevNorm,0.0
F1bandwidth_sma3nz_amean,0.0
F1frequency_sma3nz_amean,0.0
F1bandwidth_sma3nz_stddevNorm,0.0
F1amplitudeLogRelF0_sma3nz_amean,0.0
F1amplitudeLogRelF0_sma3nz_stddevNorm,0.0
F2frequency_sma3nz_stddevNorm,0.0
F2bandwidth_sma3nz_amean,0.0
F2bandwidth_sma3nz_stddevNorm,0.0
F2amplitudeLogRelF0_sma3nz_amean,0.0
shimmerLocaldB_sma3nz_amean,0.0
HNRdBACF_sma3nz_stddevNorm,0.0
HNRdBACF_sma3nz_amean,0.0
mfcc2_sma3_stddevNorm,0.0
mfcc3_sma3_stddevNorm,0.0
F3bandwidth_sma3nz_stddevNorm,0.0
F3bandwidth_sma3nz_amean,0.0
F3frequency_sma3nz_stddevNorm,0.0
F3frequency_sma3nz_amean,0.0
F2amplitudeLogRelF0_sma3nz_stddevNorm,0.0
alphaRatioV_sma3nz_stddevNorm,0.0
hammarbergIndexV_sma3nz_stddevNorm,0.0
alphaRatioV_sma3nz_amean,0.0
hammarbergIndexV_sma3nz_amean,0.0
slopeV500-1500_sma3nz_stddevNorm,0.0
spectralFluxV_sma3nz_amean,0.0
spectralFluxV_sma3nz_stddevNorm,0.0
mfcc1V_sma3nz_amean,0.0
mfcc1V_sma3nz_stddevNorm,0.0
mfcc2V_sma3nz_amean,0.0
F3amplitudeLogRelF0_sma3nz_amean,0.0
mfcc2V_sma3nz_stddevNorm,0.0
mfcc3V_sma3nz_amean,0.0
mfcc4V_sma3nz_amean,0.0
mfcc3V_sma3nz_stddevNorm,0.0
mfcc4V_sma3nz_stddevNorm,0.0
alphaRatioUV_sma3nz_amean,0.0
hammarbergIndexUV_sma3nz_amean,0.0
slopeUV500-1500_sma3nz_amean,0.0
spectralFluxUV_sma3nz_amean,0.0
loudnessPeaksPerSec,0.0
VoicedSegmentsPerSec,0.0
MeanVoicedSegmentLengthSec,0.0
StddevVoicedSegmentLengthSec,0.0
MeanUnvoicedSegmentLength,0.0
StddevUnvoicedSegmentLength,0.0
equivalentSoundLevel_dBp,0.0
