threshold,f1
0.2,0.43154996066089696
0.21,0.4344331641285956
0.22,0.4386086155263764
0.23,0.4431230610134436
0.24,0.4357638888888889
0.25,0.43392630241423125
0.26,0.4153737658674189
0.27,0.40352220520673815
0.28,0.39457459926017263
0.29,0.37727272727272726
0.3,0.34390485629335976
0.31,0.3156779661016949
0.32,0.2141982864137087
0.33,0.12643678160919541
0.34,0.11085089773614364
0.35,0.042265426880811495
0.36,0.025974025974025976
0.37,0.017528483786152498
0.38,0.015817223198594025
0.39,0.01059135039717564
0.4,0.0088339222614841
0.41,0.0088339222614841
0.42,0.005314437555358724
0.43,0.0
0.44,0.0
0.45,0.0
0.46,0.0
0.47,0.0
0.48,0.0
0.49,0.0
0.5,0.0
0.51,0.0
0.52,0.0
0.53,0.0
0.54,0.0
0.55,0.0
0.56,0.0
0.57,0.0
0.58,0.0
0.59,0.0
0.6,0.0
0.61,0.0
0.62,0.0
0.63,0.0
0.64,0.0
0.65,0.0
0.66,0.0
0.67,0.0
0.68,0.0
0.69,0.0
0.7,0.0
0.71,0.0
0.72,0.0
0.73,0.0
0.74,0.0
0.75,0.0
0.76,0.0
0.77,0.0
0.78,0.0
0.79,0.0
0.8,0.0
