model,fold,roc_auc
LogisticRegression,1,0.46197057701276123
RandomForestClassifier,1,0.4535690564011248
ExtraTreesClassifier,1,0.4086396461327567
GradientBoostingClassifier,1,0.3652082361752943
AdaBoostClassifier,1,0.3963518039598084
BaggingClassifier,1,0.5008585237630899
DecisionTreeClassifier,1,0.507917496926273
KNeighborsClassifier,1,0.4461320501406142
GaussianNB,1,0.4153064541202075
LinearDiscriminantAnalysis,1,0.4192987662695552
XGBClassifier,1,0.3665013213493309
LogisticRegression,2,0.4190232483752308
RandomForestClassifier,2,0.48837944721499293
ExtraTreesClassifier,2,0.4143306823303625
GradientBoostingClassifier,2,0.5081492897541401
AdaBoostClassifier,2,0.5341783102400441
BaggingClassifier,2,0.42163669143197774
DecisionTreeClassifier,2,0.4803464720336149
KNeighborsClassifier,2,0.44016705680512946
GaussianNB,2,0.330551476468108
LinearDiscriminantAnalysis,2,0.42813213335465766
XGBClassifier,2,0.4800883990752991
LogisticRegression,3,0.3798419816357036
RandomForestClassifier,3,0.26565235959854794
ExtraTreesClassifier,3,0.32017937219730946
GradientBoostingClassifier,3,0.354252971741761
AdaBoostClassifier,3,0.37983486369136593
BaggingClassifier,3,0.31947825468004837
DecisionTreeClassifier,3,0.4469286070182931
KNeighborsClassifier,3,0.46391914015232394
GaussianNB,3,0.36333190974446583
LinearDiscriminantAnalysis,3,0.3776923624457257
XGBClassifier,3,0.3741405082212257
LogisticRegression,4,0.5147262429200755
RandomForestClassifier,4,0.4606426124047269
ExtraTreesClassifier,4,0.46259002866932375
GradientBoostingClassifier,4,0.41964198307810646
AdaBoostClassifier,4,0.4278616879938466
BaggingClassifier,4,0.49327669393748685
DecisionTreeClassifier,4,0.5082686525417803
KNeighborsClassifier,4,0.5077197398783302
GaussianNB,4,0.4226977134466121
LinearDiscriminantAnalysis,4,0.5247954688483323
XGBClassifier,4,0.4360044752115237
LogisticRegression,5,0.5208021030220078
RandomForestClassifier,5,0.4266766603662908
ExtraTreesClassifier,5,0.42509432459246704
GradientBoostingClassifier,5,0.3828673227747724
AdaBoostClassifier,5,0.43508078240529524
BaggingClassifier,5,0.4549088618045146
DecisionTreeClassifier,5,0.5623157864245004
KNeighborsClassifier,5,0.3631659750736855
GaussianNB,5,0.34092999340995167
LinearDiscriminantAnalysis,5,0.5274862948720734
XGBClassifier,5,0.44739910346375833
