audio_id_norm,p_teacher_inner_oof
004_recortado_denoised,0.0053493184968829155
006_recortado_denoised,0.005508600268512964
010_recortado_denoised,0.020117711275815964
018_recortado_denoised,0.22385141253471375
023_recortado_denoised,0.006819758098572493
030_recortado_denoised,0.0017057452350854874
031_recortado_denoised,0.44778838753700256
036_recortado_denoised,0.0010433149291202426
037_recortado_denoised,0.0011075047077611089
040_recortado_denoised,0.002623551292344928
044_recortado_denoised,0.14090615510940552
056_recortado_denoised,0.21458332240581512
057_recortado_denoised,0.42716750502586365
065_recortado_denoised,0.005662563256919384
070_recortado_denoised,0.4978591501712799
076_recortado_denoised,0.012935081496834755
003_recortado_denoised,0.0032363554928451777
027_recortado_denoised,0.16646376252174377
033_recortado_denoised,0.015960006043314934
043_recortado_denoised,0.003577576484531164
071_recortado_denoised,0.23225156962871552
005_recortado_denoised,0.008481464348733425
007_recortado_denoised,0.011049648746848106
009_recortado_denoised,0.004659094847738743
011_recortado_denoised,0.007370056118816137
013_recortado_denoised,0.009005279280245304
016_recortado_denoised,0.2374403029680252
019_recortado_denoised,0.017109572887420654
021_recortado_denoised,0.013736712746322155
025_recortado_denoised,0.001972370548173785
029_recortado_denoised,0.0203155055642128
046_recortado_denoised,0.00849976111203432
047_recortado_denoised,0.002681615762412548
050_recortado_denoised,0.0010129899019375443
069_recortado_denoised,0.04091004654765129
080_recortado_denoised,0.009307773783802986
042_recortado_denoised,0.002469106577336788
051_recortado_denoised,0.0056287809275090694
054_recortado_denoised,0.20996412634849548
061_recortado_denoised,0.0765257254242897
063_recortado_denoised,0.013924582861363888
073_recortado_denoised,0.4148910641670227
014_recortado_denoised,0.014865158125758171
015_recortado_denoised,0.06224644556641579
017_recortado_denoised,0.02527332492172718
022_recortado_denoised,0.005052648019045591
026_recortado_denoised,0.062324926257133484
034_recortado_denoised,0.009471651166677475
039_recortado_denoised,0.220570370554924
041_recortado_denoised,0.03486437350511551
049_recortado_denoised,0.005414207465946674
052_recortado_denoised,0.012058259919285774
053_recortado_denoised,0.0075107840821146965
058_recortado_denoised,0.6127538084983826
064_recortado_denoised,0.01519966684281826
068_recortado_denoised,0.05111689865589142
072_recortado_denoised,0.045148614794015884
001_recortado_denoised,0.043660230934619904
020_recortado_denoised,0.04465639218688011
035_recortado_denoised,0.27921608090400696
055_recortado_denoised,0.03974789381027222
060_recortado_denoised,0.1063484326004982
077_recortado_denoised,0.18694092333316803
