rep,fold,threshold,acc,prec,rec,f1,f1mac,auc
1,1,0.41,0.625,0.3333333333333333,0.2,0.25,0.5,0.7272727272727273
1,2,0.51,0.6875,0.0,0.0,0.0,0.4074074074074074,0.6875
1,3,0.63,0.6875,0.4,0.5,0.4444444444444444,0.6135265700483092,0.7708333333333333
1,4,0.05,0.6875,0.42857142857142855,0.75,0.5454545454545454,0.6536796536796536,0.6666666666666667
1,5,0.25,0.6666666666666666,0.4,0.5,0.4444444444444444,0.6031746031746031,0.4545454545454546
2,1,0.67,0.625,0.0,0.0,0.0,0.38461538461538464,0.5454545454545454
2,2,0.15,0.5625,0.2857142857142857,0.5,0.36363636363636365,0.5151515151515151,0.7916666666666666
2,3,0.27,0.75,0.0,0.0,0.0,0.42857142857142855,0.6875
2,4,0.07,0.3125,0.26666666666666666,1.0,0.42105263157894735,0.2874493927125506,0.39583333333333337
2,5,0.59,0.6,0.0,0.0,0.0,0.375,0.5681818181818181
3,1,0.47,0.6875,0.5,0.4,0.4444444444444444,0.6135265700483092,0.5818181818181818
3,2,0.55,0.625,0.0,0.0,0.0,0.38461538461538464,0.5
3,3,0.11,0.4375,0.3076923076923077,1.0,0.47058823529411764,0.43529411764705883,0.5416666666666667
3,4,0.55,0.625,0.25,0.25,0.25,0.5,0.6250000000000001
3,5,0.41,0.7333333333333333,0.5,0.5,0.5,0.6590909090909092,0.6363636363636364
4,1,0.43,0.6875,0.5,0.2,0.2857142857142857,0.5428571428571429,0.4363636363636364
4,2,0.39,1.0,1.0,1.0,1.0,1.0,1.0
4,3,0.33,0.5625,0.2,0.25,0.2222222222222222,0.45893719806763283,0.4375
4,4,0.27,0.4375,0.2222222222222222,0.5,0.3076923076923077,0.41700404858299595,0.5208333333333333
4,5,0.33,0.5333333333333333,0.2857142857142857,0.5,0.36363636363636365,0.49760765550239233,0.5681818181818181
5,1,0.59,0.8125,1.0,0.4,0.5714285714285714,0.7257142857142858,0.6181818181818182
5,2,0.25,0.5625,0.3333333333333333,0.75,0.46153846153846156,0.5465587044534412,0.6666666666666666
5,3,0.45,0.375,0.2,0.5,0.2857142857142857,0.36507936507936506,0.5208333333333333
5,4,0.39,0.6875,0.0,0.0,0.0,0.4074074074074074,0.08333333333333334
5,5,0.17,0.6666666666666666,0.42857142857142855,0.75,0.5454545454545454,0.6411483253588517,0.8636363636363636
