name	path	class_2	class_4	score
464	/home/ci2dt2-ai/Proyectos/Psiquiatria/DATA-DAIC/464_P/464_AUDIO.wav	ndep	non	0
383	/home/ci2dt2-ai/Proyectos/Psiquiatria/DATA-DAIC/383_P/383_AUDIO.wav	ndep	mild	7
355	/home/ci2dt2-ai/Proyectos/Psiquiatria/DATA-DAIC/355_P/355_AUDIO.wav	dep	moderate	10
374	/home/ci2dt2-ai/Proyectos/Psiquiatria/DATA-DAIC/374_P/374_AUDIO.wav	ndep	non	2
491	/home/ci2dt2-ai/Proyectos/Psiquiatria/DATA-DAIC/491_P/491_AUDIO.wav	ndep	mild	8
448	/home/ci2dt2-ai/Proyectos/Psiquiatria/DATA-DAIC/448_P/448_AUDIO.wav	dep	severe	18
445	/home/ci2dt2-ai/Proyectos/Psiquiatria/DATA-DAIC/445_P/445_AUDIO.wav	ndep	non	1
371	/home/ci2dt2-ai/Proyectos/Psiquiatria/DATA-DAIC/371_P/371_AUDIO.wav	ndep	mild	9
382	/home/ci2dt2-ai/Proyectos/Psiquiatria/DATA-DAIC/382_P/382_AUDIO.wav	ndep	non	0
322	/home/ci2dt2-ai/Proyectos/Psiquiatria/DATA-DAIC/322_P/322_AUDIO.wav	ndep	mild	5
395	/home/ci2dt2-ai/Proyectos/Psiquiatria/DATA-DAIC/395_P/395_AUDIO.wav	ndep	mild	7
364	/home/ci2dt2-ai/Proyectos/Psiquiatria/DATA-DAIC/364_P/364_AUDIO.wav	ndep	non	0
409	/home/ci2dt2-ai/Proyectos/Psiquiatria/DATA-DAIC/409_P/409_AUDIO.wav	ndep	moderate	10
401	/home/ci2dt2-ai/Proyectos/Psiquiatria/DATA-DAIC/401_P/401_AUDIO.wav	ndep	mild	9
415	/home/ci2dt2-ai/Proyectos/Psiquiatria/DATA-DAIC/415_P/415_AUDIO.wav	ndep	non	3
316	/home/ci2dt2-ai/Proyectos/Psiquiatria/DATA-DAIC/316_P/316_AUDIO.wav	ndep	mild	6
307	/home/ci2dt2-ai/Proyectos/Psiquiatria/DATA-DAIC/307_P/307_AUDIO.wav	ndep	non	4
455	/home/ci2dt2-ai/Proyectos/Psiquiatria/DATA-DAIC/455_P/455_AUDIO.wav	ndep	non	1
484	/home/ci2dt2-ai/Proyectos/Psiquiatria/DATA-DAIC/484_P/484_AUDIO.wav	ndep	mild	9
325	/home/ci2dt2-ai/Proyectos/Psiquiatria/DATA-DAIC/325_P/325_AUDIO.wav	dep	moderate	10
473	/home/ci2dt2-ai/Proyectos/Psiquiatria/DATA-DAIC/473_P/473_AUDIO.wav	ndep	non	0
348	/home/ci2dt2-ai/Proyectos/Psiquiatria/DATA-DAIC/348_P/348_AUDIO.wav	dep	severe	20
476	/home/ci2dt2-ai/Proyectos/Psiquiatria/DATA-DAIC/476_P/476_AUDIO.wav	ndep	non	3
351	/home/ci2dt2-ai/Proyectos/Psiquiatria/DATA-DAIC/351_P/351_AUDIO.wav	dep	moderate	14
486	/home/ci2dt2-ai/Proyectos/Psiquiatria/DATA-DAIC/486_P/486_AUDIO.wav	ndep	non	4
423	/home/ci2dt2-ai/Proyectos/Psiquiatria/DATA-DAIC/423_P/423_AUDIO.wav	ndep	non	0
428	/home/ci2dt2-ai/Proyectos/Psiquiatria/DATA-DAIC/428_P/428_AUDIO.wav	ndep	non	0
400	/home/ci2dt2-ai/Proyectos/Psiquiatria/DATA-DAIC/400_P/400_AUDIO.wav	ndep	mild	7
310	/home/ci2dt2-ai/Proyectos/Psiquiatria/DATA-DAIC/310_P/310_AUDIO.wav	ndep	non	4
362	/home/ci2dt2-ai/Proyectos/Psiquiatria/DATA-DAIC/362_P/362_AUDIO.wav	dep	severe	20
343	/home/ci2dt2-ai/Proyectos/Psiquiatria/DATA-DAIC/343_P/343_AUDIO.wav	ndep	mild	9
376	/home/ci2dt2-ai/Proyectos/Psiquiatria/DATA-DAIC/376_P/376_AUDIO.wav	dep	moderate	12
413	/home/ci2dt2-ai/Proyectos/Psiquiatria/DATA-DAIC/413_P/413_AUDIO.wav	dep	moderate	10
429	/home/ci2dt2-ai/Proyectos/Psiquiatria/DATA-DAIC/429_P/429_AUDIO.wav	ndep	non	1
390	/home/ci2dt2-ai/Proyectos/Psiquiatria/DATA-DAIC/390_P/390_AUDIO.wav	ndep	mild	9
427	/home/ci2dt2-ai/Proyectos/Psiquiatria/DATA-DAIC/427_P/427_AUDIO.wav	ndep	mild	5
350	/home/ci2dt2-ai/Proyectos/Psiquiatria/DATA-DAIC/350_P/350_AUDIO.wav	dep	moderate	11
321	/home/ci2dt2-ai/Proyectos/Psiquiatria/DATA-DAIC/321_P/321_AUDIO.wav	dep	severe	20
331	/home/ci2dt2-ai/Proyectos/Psiquiatria/DATA-DAIC/331_P/331_AUDIO.wav	ndep	mild	8
366	/home/ci2dt2-ai/Proyectos/Psiquiatria/DATA-DAIC/366_P/366_AUDIO.wav	ndep	non	0
339	/home/ci2dt2-ai/Proyectos/Psiquiatria/DATA-DAIC/339_P/339_AUDIO.wav	dep	moderate	11
345	/home/ci2dt2-ai/Proyectos/Psiquiatria/DATA-DAIC/345_P/345_AUDIO.wav	dep	severe	15
380	/home/ci2dt2-ai/Proyectos/Psiquiatria/DATA-DAIC/380_P/380_AUDIO.wav	dep	moderate	10
416	/home/ci2dt2-ai/Proyectos/Psiquiatria/DATA-DAIC/416_P/416_AUDIO.wav	ndep	non	3
302	/home/ci2dt2-ai/Proyectos/Psiquiatria/DATA-DAIC/302_P/302_AUDIO.wav	ndep	non	4
370	/home/ci2dt2-ai/Proyectos/Psiquiatria/DATA-DAIC/370_P/370_AUDIO.wav	ndep	non	0
472	/home/ci2dt2-ai/Proyectos/Psiquiatria/DATA-DAIC/472_P/472_AUDIO.wav	ndep	non	3
402	/home/ci2dt2-ai/Proyectos/Psiquiatria/DATA-DAIC/402_P/402_AUDIO.wav	dep	moderate	11
375	/home/ci2dt2-ai/Proyectos/Psiquiatria/DATA-DAIC/375_P/375_AUDIO.wav	ndep	mild	5
444	/home/ci2dt2-ai/Proyectos/Psiquiatria/DATA-DAIC/444_P/444_AUDIO.wav	ndep	mild	7
485	/home/ci2dt2-ai/Proyectos/Psiquiatria/DATA-DAIC/485_P/485_AUDIO.wav	ndep	non	2
353	/home/ci2dt2-ai/Proyectos/Psiquiatria/DATA-DAIC/353_P/353_AUDIO.wav	dep	moderate	11
403	/home/ci2dt2-ai/Proyectos/Psiquiatria/DATA-DAIC/403_P/403_AUDIO.wav	ndep	non	0
352	/home/ci2dt2-ai/Proyectos/Psiquiatria/DATA-DAIC/352_P/352_AUDIO.wav	dep	moderate	10
330	/home/ci2dt2-ai/Proyectos/Psiquiatria/DATA-DAIC/330_P/330_AUDIO.wav	dep	moderate	12
312	/home/ci2dt2-ai/Proyectos/Psiquiatria/DATA-DAIC/312_P/312_AUDIO.wav	ndep	non	2
386	/home/ci2dt2-ai/Proyectos/Psiquiatria/DATA-DAIC/386_P/386_AUDIO.wav	dep	moderate	11
454	/home/ci2dt2-ai/Proyectos/Psiquiatria/DATA-DAIC/454_P/454_AUDIO.wav	ndep	non	1
324	/home/ci2dt2-ai/Proyectos/Psiquiatria/DATA-DAIC/324_P/324_AUDIO.wav	ndep	mild	5
441	/home/ci2dt2-ai/Proyectos/Psiquiatria/DATA-DAIC/441_P/441_AUDIO.wav	dep	severe	18
385	/home/ci2dt2-ai/Proyectos/Psiquiatria/DATA-DAIC/385_P/385_AUDIO.wav	ndep	mild	8
471	/home/ci2dt2-ai/Proyectos/Psiquiatria/DATA-DAIC/471_P/471_AUDIO.wav	ndep	non	0
443	/home/ci2dt2-ai/Proyectos/Psiquiatria/DATA-DAIC/443_P/443_AUDIO.wav	ndep	non	1
305	/home/ci2dt2-ai/Proyectos/Psiquiatria/DATA-DAIC/305_P/305_AUDIO.wav	ndep	mild	7
412	/home/ci2dt2-ai/Proyectos/Psiquiatria/DATA-DAIC/412_P/412_AUDIO.wav	dep	moderate	12
449	/home/ci2dt2-ai/Proyectos/Psiquiatria/DATA-DAIC/449_P/449_AUDIO.wav	ndep	non	2
318	/home/ci2dt2-ai/Proyectos/Psiquiatria/DATA-DAIC/318_P/318_AUDIO.wav	ndep	non	3
447	/home/ci2dt2-ai/Proyectos/Psiquiatria/DATA-DAIC/447_P/447_AUDIO.wav	ndep	non	1
477	/home/ci2dt2-ai/Proyectos/Psiquiatria/DATA-DAIC/477_P/477_AUDIO.wav	ndep	non	2
333	/home/ci2dt2-ai/Proyectos/Psiquiatria/DATA-DAIC/333_P/333_AUDIO.wav	ndep	mild	5
341	/home/ci2dt2-ai/Proyectos/Psiquiatria/DATA-DAIC/341_P/341_AUDIO.wav	ndep	mild	7
434	/home/ci2dt2-ai/Proyectos/Psiquiatria/DATA-DAIC/434_P/434_AUDIO.wav	ndep	non	2
463	/home/ci2dt2-ai/Proyectos/Psiquiatria/DATA-DAIC/463_P/463_AUDIO.wav	ndep	non	0
379	/home/ci2dt2-ai/Proyectos/Psiquiatria/DATA-DAIC/379_P/379_AUDIO.wav	ndep	non	2
338	/home/ci2dt2-ai/Proyectos/Psiquiatria/DATA-DAIC/338_P/338_AUDIO.wav	dep	severe	15
419	/home/ci2dt2-ai/Proyectos/Psiquiatria/DATA-DAIC/419_P/419_AUDIO.wav	ndep	non	3
490	/home/ci2dt2-ai/Proyectos/Psiquiatria/DATA-DAIC/490_P/490_AUDIO.wav	ndep	non	2
479	/home/ci2dt2-ai/Proyectos/Psiquiatria/DATA-DAIC/479_P/479_AUDIO.wav	ndep	mild	7
440	/home/ci2dt2-ai/Proyectos/Psiquiatria/DATA-DAIC/440_P/440_AUDIO.wav	dep	severe	19
492	/home/ci2dt2-ai/Proyectos/Psiquiatria/DATA-DAIC/492_P/492_AUDIO.wav	ndep	non	0
377	/home/ci2dt2-ai/Proyectos/Psiquiatria/DATA-DAIC/377_P/377_AUDIO.wav	dep	severe	16
451	/home/ci2dt2-ai/Proyectos/Psiquiatria/DATA-DAIC/451_P/451_AUDIO.wav	ndep	non	4
367	/home/ci2dt2-ai/Proyectos/Psiquiatria/DATA-DAIC/367_P/367_AUDIO.wav	dep	severe	19
436	/home/ci2dt2-ai/Proyectos/Psiquiatria/DATA-DAIC/436_P/436_AUDIO.wav	ndep	non	0
