repeat,fold,subject_id,split
0,0,1,test
0,0,4,test
0,0,6,test
0,0,9,test
0,0,14,test
0,0,16,test
0,0,27,test
0,0,30,test
0,0,35,test
0,0,47,test
0,0,50,test
0,0,53,test
0,0,54,test
0,0,57,test
0,0,61,test
0,0,80,test
0,0,2,train_fit
0,0,3,train_fit
0,0,5,train_fit
0,0,7,train_fit
0,0,8,train_fit
0,0,10,train_fit
0,0,11,train_fit
0,0,12,train_fit
0,0,15,train_fit
0,0,17,train_fit
0,0,19,train_fit
0,0,20,train_fit
0,0,21,train_fit
0,0,22,train_fit
0,0,24,train_fit
0,0,25,train_fit
0,0,26,train_fit
0,0,28,train_fit
0,0,31,train_fit
0,0,32,train_fit
0,0,33,train_fit
0,0,36,train_fit
0,0,38,train_fit
0,0,39,train_fit
0,0,40,train_fit
0,0,41,train_fit
0,0,42,train_fit
0,0,43,train_fit
0,0,44,train_fit
0,0,46,train_fit
0,0,48,train_fit
0,0,49,train_fit
0,0,51,train_fit
0,0,52,train_fit
0,0,56,train_fit
0,0,58,train_fit
0,0,59,train_fit
0,0,60,train_fit
0,0,62,train_fit
0,0,63,train_fit
0,0,64,train_fit
0,0,68,train_fit
0,0,69,train_fit
0,0,70,train_fit
0,0,71,train_fit
0,0,74,train_fit
0,0,75,train_fit
0,0,76,train_fit
0,0,77,train_fit
0,0,78,train_fit
0,0,13,val_early
0,0,18,val_early
0,0,23,val_early
0,0,29,val_early
0,0,34,val_early
0,0,37,val_early
0,0,45,val_early
0,0,55,val_early
0,0,65,val_early
0,0,67,val_early
0,0,72,val_early
0,0,73,val_early
0,0,79,val_early
0,1,2,test
0,1,8,test
0,1,12,test
0,1,24,test
0,1,28,test
0,1,32,test
0,1,38,test
0,1,45,test
0,1,48,test
0,1,59,test
0,1,62,test
0,1,67,test
0,1,74,test
0,1,75,test
0,1,78,test
0,1,79,test
0,1,3,train_fit
0,1,5,train_fit
0,1,7,train_fit
0,1,10,train_fit
0,1,11,train_fit
0,1,13,train_fit
0,1,14,train_fit
0,1,15,train_fit
0,1,16,train_fit
0,1,17,train_fit
0,1,18,train_fit
0,1,19,train_fit
0,1,20,train_fit
0,1,21,train_fit
0,1,22,train_fit
0,1,26,train_fit
0,1,27,train_fit
0,1,29,train_fit
0,1,30,train_fit
0,1,33,train_fit
0,1,34,train_fit
0,1,35,train_fit
0,1,37,train_fit
0,1,39,train_fit
0,1,40,train_fit
0,1,42,train_fit
0,1,43,train_fit
0,1,44,train_fit
0,1,46,train_fit
0,1,49,train_fit
0,1,50,train_fit
0,1,51,train_fit
0,1,52,train_fit
0,1,53,train_fit
0,1,55,train_fit
0,1,56,train_fit
0,1,57,train_fit
0,1,58,train_fit
0,1,61,train_fit
0,1,64,train_fit
0,1,65,train_fit
0,1,68,train_fit
0,1,69,train_fit
0,1,70,train_fit
0,1,71,train_fit
0,1,72,train_fit
0,1,73,train_fit
0,1,76,train_fit
0,1,77,train_fit
0,1,80,train_fit
0,1,1,val_early
0,1,4,val_early
0,1,6,val_early
0,1,9,val_early
0,1,23,val_early
0,1,25,val_early
0,1,31,val_early
0,1,36,val_early
0,1,41,val_early
0,1,47,val_early
0,1,54,val_early
0,1,60,val_early
0,1,63,val_early
0,2,10,test
0,2,13,test
0,2,15,test
0,2,18,test
0,2,19,test
0,2,25,test
0,2,29,test
0,2,33,test
0,2,41,test
0,2,55,test
0,2,63,test
0,2,64,test
0,2,68,test
0,2,70,test
0,2,71,test
0,2,76,test
0,2,1,train_fit
0,2,2,train_fit
0,2,3,train_fit
0,2,4,train_fit
0,2,5,train_fit
0,2,7,train_fit
0,2,8,train_fit
0,2,9,train_fit
0,2,11,train_fit
0,2,12,train_fit
0,2,14,train_fit
0,2,16,train_fit
0,2,17,train_fit
0,2,20,train_fit
0,2,21,train_fit
0,2,22,train_fit
0,2,23,train_fit
0,2,24,train_fit
0,2,26,train_fit
0,2,27,train_fit
0,2,28,train_fit
0,2,30,train_fit
0,2,31,train_fit
0,2,34,train_fit
0,2,37,train_fit
0,2,40,train_fit
0,2,43,train_fit
0,2,45,train_fit
0,2,46,train_fit
0,2,47,train_fit
0,2,48,train_fit
0,2,49,train_fit
0,2,50,train_fit
0,2,51,train_fit
0,2,53,train_fit
0,2,54,train_fit
0,2,56,train_fit
0,2,58,train_fit
0,2,59,train_fit
0,2,60,train_fit
0,2,62,train_fit
0,2,65,train_fit
0,2,67,train_fit
0,2,69,train_fit
0,2,72,train_fit
0,2,73,train_fit
0,2,74,train_fit
0,2,77,train_fit
0,2,78,train_fit
0,2,79,train_fit
0,2,6,val_early
0,2,32,val_early
0,2,35,val_early
0,2,36,val_early
0,2,38,val_early
0,2,39,val_early
0,2,42,val_early
0,2,44,val_early
0,2,52,val_early
0,2,57,val_early
0,2,61,val_early
0,2,75,val_early
0,2,80,val_early
0,3,11,test
0,3,20,test
0,3,21,test
0,3,22,test
0,3,23,test
0,3,26,test
0,3,36,test
0,3,40,test
0,3,43,test
0,3,44,test
0,3,49,test
0,3,51,test
0,3,56,test
0,3,65,test
0,3,72,test
0,3,73,test
0,3,2,train_fit
0,3,3,train_fit
0,3,4,train_fit
0,3,5,train_fit
0,3,8,train_fit
0,3,9,train_fit
0,3,10,train_fit
0,3,12,train_fit
0,3,13,train_fit
0,3,14,train_fit
0,3,16,train_fit
0,3,17,train_fit
0,3,18,train_fit
0,3,24,train_fit
0,3,25,train_fit
0,3,27,train_fit
0,3,28,train_fit
0,3,29,train_fit
0,3,30,train_fit
0,3,31,train_fit
0,3,32,train_fit
0,3,33,train_fit
0,3,35,train_fit
0,3,37,train_fit
0,3,38,train_fit
0,3,39,train_fit
0,3,41,train_fit
0,3,45,train_fit
0,3,46,train_fit
0,3,47,train_fit
0,3,48,train_fit
0,3,54,train_fit
0,3,55,train_fit
0,3,57,train_fit
0,3,58,train_fit
0,3,60,train_fit
0,3,62,train_fit
0,3,63,train_fit
0,3,64,train_fit
0,3,67,train_fit
0,3,68,train_fit
0,3,69,train_fit
0,3,70,train_fit
0,3,74,train_fit
0,3,75,train_fit
0,3,76,train_fit
0,3,77,train_fit
0,3,78,train_fit
0,3,79,train_fit
0,3,80,train_fit
0,3,1,val_early
0,3,6,val_early
0,3,7,val_early
0,3,15,val_early
0,3,19,val_early
0,3,34,val_early
0,3,42,val_early
0,3,50,val_early
0,3,52,val_early
0,3,53,val_early
0,3,59,val_early
0,3,61,val_early
0,3,71,val_early
0,4,3,test
0,4,5,test
0,4,7,test
0,4,17,test
0,4,31,test
0,4,34,test
0,4,37,test
0,4,39,test
0,4,42,test
0,4,46,test
0,4,52,test
0,4,58,test
0,4,60,test
0,4,69,test
0,4,77,test
0,4,2,train_fit
0,4,4,train_fit
0,4,8,train_fit
0,4,9,train_fit
0,4,11,train_fit
0,4,12,train_fit
0,4,14,train_fit
0,4,15,train_fit
0,4,18,train_fit
0,4,19,train_fit
0,4,20,train_fit
0,4,21,train_fit
0,4,22,train_fit
0,4,24,train_fit
0,4,27,train_fit
0,4,28,train_fit
0,4,29,train_fit
0,4,30,train_fit
0,4,32,train_fit
0,4,33,train_fit
0,4,35,train_fit
0,4,36,train_fit
0,4,38,train_fit
0,4,40,train_fit
0,4,41,train_fit
0,4,43,train_fit
0,4,44,train_fit
0,4,47,train_fit
0,4,49,train_fit
0,4,50,train_fit
0,4,51,train_fit
0,4,53,train_fit
0,4,54,train_fit
0,4,56,train_fit
0,4,57,train_fit
0,4,59,train_fit
0,4,61,train_fit
0,4,62,train_fit
0,4,64,train_fit
0,4,65,train_fit
0,4,67,train_fit
0,4,68,train_fit
0,4,71,train_fit
0,4,72,train_fit
0,4,73,train_fit
0,4,74,train_fit
0,4,75,train_fit
0,4,76,train_fit
0,4,78,train_fit
0,4,79,train_fit
0,4,80,train_fit
0,4,1,val_early
0,4,6,val_early
0,4,10,val_early
0,4,13,val_early
0,4,16,val_early
0,4,23,val_early
0,4,25,val_early
0,4,26,val_early
0,4,45,val_early
0,4,48,val_early
0,4,55,val_early
0,4,63,val_early
0,4,70,val_early
1,0,2,test
1,0,3,test
1,0,4,test
1,0,13,test
1,0,19,test
1,0,20,test
1,0,28,test
1,0,39,test
1,0,50,test
1,0,52,test
1,0,59,test
1,0,60,test
1,0,63,test
1,0,72,test
1,0,75,test
1,0,79,test
1,0,1,train_fit
1,0,5,train_fit
1,0,6,train_fit
1,0,7,train_fit
1,0,8,train_fit
1,0,9,train_fit
1,0,11,train_fit
1,0,12,train_fit
1,0,14,train_fit
1,0,15,train_fit
1,0,16,train_fit
1,0,22,train_fit
1,0,23,train_fit
1,0,25,train_fit
1,0,26,train_fit
1,0,27,train_fit
1,0,29,train_fit
1,0,30,train_fit
1,0,32,train_fit
1,0,33,train_fit
1,0,34,train_fit
1,0,35,train_fit
1,0,36,train_fit
1,0,37,train_fit
1,0,38,train_fit
1,0,42,train_fit
1,0,43,train_fit
1,0,44,train_fit
1,0,45,train_fit
1,0,46,train_fit
1,0,47,train_fit
1,0,48,train_fit
1,0,49,train_fit
1,0,51,train_fit
1,0,54,train_fit
1,0,55,train_fit
1,0,56,train_fit
1,0,57,train_fit
1,0,58,train_fit
1,0,61,train_fit
1,0,62,train_fit
1,0,64,train_fit
1,0,65,train_fit
1,0,67,train_fit
1,0,68,train_fit
1,0,69,train_fit
1,0,74,train_fit
1,0,76,train_fit
1,0,77,train_fit
1,0,80,train_fit
1,0,10,val_early
1,0,17,val_early
1,0,18,val_early
1,0,21,val_early
1,0,24,val_early
1,0,31,val_early
1,0,40,val_early
1,0,41,val_early
1,0,53,val_early
1,0,70,val_early
1,0,71,val_early
1,0,73,val_early
1,0,78,val_early
1,1,6,test
1,1,8,test
1,1,10,test
1,1,15,test
1,1,17,test
1,1,21,test
1,1,27,test
1,1,31,test
1,1,33,test
1,1,34,test
1,1,41,test
1,1,43,test
1,1,45,test
1,1,48,test
1,1,69,test
1,1,73,test
1,1,1,train_fit
1,1,2,train_fit
1,1,3,train_fit
1,1,4,train_fit
1,1,5,train_fit
1,1,7,train_fit
1,1,9,train_fit
1,1,11,train_fit
1,1,12,train_fit
1,1,14,train_fit
1,1,16,train_fit
1,1,18,train_fit
1,1,19,train_fit
1,1,20,train_fit
1,1,22,train_fit
1,1,23,train_fit
1,1,25,train_fit
1,1,26,train_fit
1,1,28,train_fit
1,1,32,train_fit
1,1,36,train_fit
1,1,37,train_fit
1,1,38,train_fit
1,1,39,train_fit
1,1,40,train_fit
1,1,42,train_fit
1,1,44,train_fit
1,1,49,train_fit
1,1,50,train_fit
1,1,51,train_fit
1,1,53,train_fit
1,1,54,train_fit
1,1,55,train_fit
1,1,56,train_fit
1,1,57,train_fit
1,1,61,train_fit
1,1,62,train_fit
1,1,64,train_fit
1,1,65,train_fit
1,1,67,train_fit
1,1,68,train_fit
1,1,70,train_fit
1,1,71,train_fit
1,1,72,train_fit
1,1,74,train_fit
1,1,75,train_fit
1,1,76,train_fit
1,1,78,train_fit
1,1,79,train_fit
1,1,80,train_fit
1,1,13,val_early
1,1,24,val_early
1,1,29,val_early
1,1,30,val_early
1,1,35,val_early
1,1,46,val_early
1,1,47,val_early
1,1,52,val_early
1,1,58,val_early
1,1,59,val_early
1,1,60,val_early
1,1,63,val_early
1,1,77,val_early
1,2,16,test
1,2,22,test
1,2,25,test
1,2,29,test
1,2,30,test
1,2,32,test
1,2,37,test
1,2,40,test
1,2,42,test
1,2,47,test
1,2,51,test
1,2,53,test
1,2,61,test
1,2,62,test
1,2,65,test
1,2,80,test
1,2,1,train_fit
1,2,2,train_fit
1,2,3,train_fit
1,2,4,train_fit
1,2,5,train_fit
1,2,7,train_fit
1,2,8,train_fit
1,2,9,train_fit
1,2,10,train_fit
1,2,11,train_fit
1,2,12,train_fit
1,2,14,train_fit
1,2,15,train_fit
1,2,17,train_fit
1,2,18,train_fit
1,2,19,train_fit
1,2,20,train_fit
1,2,23,train_fit
1,2,24,train_fit
1,2,26,train_fit
1,2,31,train_fit
1,2,34,train_fit
1,2,35,train_fit
1,2,36,train_fit
1,2,38,train_fit
1,2,41,train_fit
1,2,43,train_fit
1,2,44,train_fit
1,2,45,train_fit
1,2,46,train_fit
1,2,48,train_fit
1,2,49,train_fit
1,2,50,train_fit
1,2,52,train_fit
1,2,54,train_fit
1,2,55,train_fit
1,2,56,train_fit
1,2,58,train_fit
1,2,59,train_fit
1,2,60,train_fit
1,2,63,train_fit
1,2,67,train_fit
1,2,70,train_fit
1,2,72,train_fit
1,2,73,train_fit
1,2,74,train_fit
1,2,76,train_fit
1,2,77,train_fit
1,2,78,train_fit
1,2,79,train_fit
1,2,6,val_early
1,2,13,val_early
1,2,21,val_early
1,2,27,val_early
1,2,28,val_early
1,2,33,val_early
1,2,39,val_early
1,2,57,val_early
1,2,64,val_early
1,2,68,val_early
1,2,69,val_early
1,2,71,val_early
1,2,75,val_early
1,3,7,test
1,3,14,test
1,3,18,test
1,3,23,test
1,3,24,test
1,3,26,test
1,3,36,test
1,3,46,test
1,3,54,test
1,3,56,test
1,3,57,test
1,3,58,test
1,3,71,test
1,3,76,test
1,3,77,test
1,3,78,test
1,3,1,train_fit
1,3,2,train_fit
1,3,3,train_fit
1,3,4,train_fit
1,3,5,train_fit
1,3,6,train_fit
1,3,8,train_fit
1,3,10,train_fit
1,3,11,train_fit
1,3,13,train_fit
1,3,15,train_fit
1,3,16,train_fit
1,3,17,train_fit
1,3,19,train_fit
1,3,21,train_fit
1,3,22,train_fit
1,3,25,train_fit
1,3,28,train_fit
1,3,29,train_fit
1,3,31,train_fit
1,3,32,train_fit
1,3,33,train_fit
1,3,34,train_fit
1,3,37,train_fit
1,3,40,train_fit
1,3,41,train_fit
1,3,42,train_fit
1,3,43,train_fit
1,3,45,train_fit
1,3,47,train_fit
1,3,48,train_fit
1,3,49,train_fit
1,3,50,train_fit
1,3,51,train_fit
1,3,52,train_fit
1,3,55,train_fit
1,3,59,train_fit
1,3,60,train_fit
1,3,61,train_fit
1,3,62,train_fit
1,3,63,train_fit
1,3,64,train_fit
1,3,67,train_fit
1,3,68,train_fit
1,3,69,train_fit
1,3,70,train_fit
1,3,72,train_fit
1,3,75,train_fit
1,3,79,train_fit
1,3,80,train_fit
1,3,9,val_early
1,3,12,val_early
1,3,20,val_early
1,3,27,val_early
1,3,30,val_early
1,3,35,val_early
1,3,38,val_early
1,3,39,val_early
1,3,44,val_early
1,3,53,val_early
1,3,65,val_early
1,3,73,val_early
1,3,74,val_early
1,4,1,test
1,4,5,test
1,4,9,test
1,4,11,test
1,4,12,test
1,4,35,test
1,4,38,test
1,4,44,test
1,4,49,test
1,4,55,test
1,4,64,test
1,4,67,test
1,4,68,test
1,4,70,test
1,4,74,test
1,4,2,train_fit
1,4,3,train_fit
1,4,6,train_fit
1,4,7,train_fit
1,4,10,train_fit
1,4,13,train_fit
1,4,14,train_fit
1,4,15,train_fit
1,4,17,train_fit
1,4,18,train_fit
1,4,19,train_fit
1,4,20,train_fit
1,4,22,train_fit
1,4,23,train_fit
1,4,24,train_fit
1,4,26,train_fit
1,4,27,train_fit
1,4,29,train_fit
1,4,30,train_fit
1,4,31,train_fit
1,4,32,train_fit
1,4,33,train_fit
1,4,34,train_fit
1,4,36,train_fit
1,4,37,train_fit
1,4,39,train_fit
1,4,40,train_fit
1,4,43,train_fit
1,4,46,train_fit
1,4,47,train_fit
1,4,48,train_fit
1,4,52,train_fit
1,4,54,train_fit
1,4,56,train_fit
1,4,57,train_fit
1,4,58,train_fit
1,4,59,train_fit
1,4,60,train_fit
1,4,61,train_fit
1,4,62,train_fit
1,4,63,train_fit
1,4,65,train_fit
1,4,71,train_fit
1,4,72,train_fit
1,4,73,train_fit
1,4,75,train_fit
1,4,76,train_fit
1,4,77,train_fit
1,4,78,train_fit
1,4,79,train_fit
1,4,80,train_fit
1,4,4,val_early
1,4,8,val_early
1,4,16,val_early
1,4,21,val_early
1,4,25,val_early
1,4,28,val_early
1,4,41,val_early
1,4,42,val_early
1,4,45,val_early
1,4,50,val_early
1,4,51,val_early
1,4,53,val_early
1,4,69,val_early
2,0,3,test
2,0,6,test
2,0,7,test
2,0,24,test
2,0,25,test
2,0,33,test
2,0,37,test
2,0,38,test
2,0,48,test
2,0,51,test
2,0,60,test
2,0,65,test
2,0,69,test
2,0,70,test
2,0,73,test
2,0,74,test
2,0,1,train_fit
2,0,2,train_fit
2,0,8,train_fit
2,0,10,train_fit
2,0,12,train_fit
2,0,13,train_fit
2,0,14,train_fit
2,0,15,train_fit
2,0,16,train_fit
2,0,17,train_fit
2,0,20,train_fit
2,0,21,train_fit
2,0,22,train_fit
2,0,23,train_fit
2,0,26,train_fit
2,0,27,train_fit
2,0,29,train_fit
2,0,30,train_fit
2,0,31,train_fit
2,0,32,train_fit
2,0,35,train_fit
2,0,36,train_fit
2,0,39,train_fit
2,0,40,train_fit
2,0,41,train_fit
2,0,42,train_fit
2,0,43,train_fit
2,0,44,train_fit
2,0,45,train_fit
2,0,46,train_fit
2,0,47,train_fit
2,0,50,train_fit
2,0,52,train_fit
2,0,53,train_fit
2,0,54,train_fit
2,0,56,train_fit
2,0,58,train_fit
2,0,59,train_fit
2,0,61,train_fit
2,0,63,train_fit
2,0,64,train_fit
2,0,67,train_fit
2,0,68,train_fit
2,0,71,train_fit
2,0,72,train_fit
2,0,75,train_fit
2,0,76,train_fit
2,0,77,train_fit
2,0,79,train_fit
2,0,80,train_fit
2,0,4,val_early
2,0,5,val_early
2,0,9,val_early
2,0,11,val_early
2,0,18,val_early
2,0,19,val_early
2,0,28,val_early
2,0,34,val_early
2,0,49,val_early
2,0,55,val_early
2,0,57,val_early
2,0,62,val_early
2,0,78,val_early
2,1,2,test
2,1,5,test
2,1,13,test
2,1,17,test
2,1,20,test
2,1,30,test
2,1,34,test
2,1,39,test
2,1,40,test
2,1,46,test
2,1,49,test
2,1,55,test
2,1,56,test
2,1,61,test
2,1,76,test
2,1,78,test
2,1,1,train_fit
2,1,3,train_fit
2,1,4,train_fit
2,1,6,train_fit
2,1,7,train_fit
2,1,8,train_fit
2,1,9,train_fit
2,1,12,train_fit
2,1,14,train_fit
2,1,15,train_fit
2,1,16,train_fit
2,1,18,train_fit
2,1,19,train_fit
2,1,21,train_fit
2,1,22,train_fit
2,1,23,train_fit
2,1,24,train_fit
2,1,25,train_fit
2,1,26,train_fit
2,1,27,train_fit
2,1,28,train_fit
2,1,29,train_fit
2,1,32,train_fit
2,1,33,train_fit
2,1,35,train_fit
2,1,36,train_fit
2,1,37,train_fit
2,1,38,train_fit
2,1,41,train_fit
2,1,42,train_fit
2,1,43,train_fit
2,1,48,train_fit
2,1,50,train_fit
2,1,52,train_fit
2,1,53,train_fit
2,1,54,train_fit
2,1,57,train_fit
2,1,58,train_fit
2,1,59,train_fit
2,1,60,train_fit
2,1,62,train_fit
2,1,64,train_fit
2,1,65,train_fit
2,1,68,train_fit
2,1,70,train_fit
2,1,71,train_fit
2,1,73,train_fit
2,1,74,train_fit
2,1,75,train_fit
2,1,79,train_fit
2,1,10,val_early
2,1,11,val_early
2,1,31,val_early
2,1,44,val_early
2,1,45,val_early
2,1,47,val_early
2,1,51,val_early
2,1,63,val_early
2,1,67,val_early
2,1,69,val_early
2,1,72,val_early
2,1,77,val_early
2,1,80,val_early
2,2,16,test
2,2,19,test
2,2,21,test
2,2,22,test
2,2,31,test
2,2,35,test
2,2,36,test
2,2,41,test
2,2,44,test
2,2,53,test
2,2,54,test
2,2,57,test
2,2,62,test
2,2,67,test
2,2,68,test
2,2,71,test
2,2,1,train_fit
2,2,2,train_fit
2,2,3,train_fit
2,2,4,train_fit
2,2,5,train_fit
2,2,6,train_fit
2,2,7,train_fit
2,2,8,train_fit
2,2,9,train_fit
2,2,12,train_fit
2,2,14,train_fit
2,2,15,train_fit
2,2,17,train_fit
2,2,23,train_fit
2,2,24,train_fit
2,2,25,train_fit
2,2,26,train_fit
2,2,27,train_fit
2,2,28,train_fit
2,2,29,train_fit
2,2,30,train_fit
2,2,33,train_fit
2,2,34,train_fit
2,2,37,train_fit
2,2,38,train_fit
2,2,39,train_fit
2,2,40,train_fit
2,2,42,train_fit
2,2,47,train_fit
2,2,48,train_fit
2,2,49,train_fit
2,2,50,train_fit
2,2,51,train_fit
2,2,52,train_fit
2,2,56,train_fit
2,2,58,train_fit
2,2,59,train_fit
2,2,60,train_fit
2,2,61,train_fit
2,2,63,train_fit
2,2,64,train_fit
2,2,65,train_fit
2,2,69,train_fit
2,2,70,train_fit
2,2,72,train_fit
2,2,73,train_fit
2,2,74,train_fit
2,2,77,train_fit
2,2,78,train_fit
2,2,80,train_fit
2,2,10,val_early
2,2,11,val_early
2,2,13,val_early
2,2,18,val_early
2,2,20,val_early
2,2,32,val_early
2,2,43,val_early
2,2,45,val_early
2,2,46,val_early
2,2,55,val_early
2,2,75,val_early
2,2,76,val_early
2,2,79,val_early
2,3,8,test
2,3,12,test
2,3,15,test
2,3,23,test
2,3,27,test
2,3,28,test
2,3,32,test
2,3,45,test
2,3,50,test
2,3,52,test
2,3,58,test
2,3,59,test
2,3,63,test
2,3,64,test
2,3,72,test
2,3,75,test
2,3,1,train_fit
2,3,2,train_fit
2,3,4,train_fit
2,3,5,train_fit
2,3,6,train_fit
2,3,7,train_fit
2,3,9,train_fit
2,3,10,train_fit
2,3,13,train_fit
2,3,14,train_fit
2,3,17,train_fit
2,3,18,train_fit
2,3,19,train_fit
2,3,20,train_fit
2,3,22,train_fit
2,3,24,train_fit
2,3,26,train_fit
2,3,29,train_fit
2,3,30,train_fit
2,3,31,train_fit
2,3,33,train_fit
2,3,34,train_fit
2,3,35,train_fit
2,3,36,train_fit
2,3,37,train_fit
2,3,38,train_fit
2,3,39,train_fit
2,3,40,train_fit
2,3,41,train_fit
2,3,42,train_fit
2,3,43,train_fit
2,3,44,train_fit
2,3,46,train_fit
2,3,47,train_fit
2,3,48,train_fit
2,3,49,train_fit
2,3,53,train_fit
2,3,54,train_fit
2,3,55,train_fit
2,3,56,train_fit
2,3,57,train_fit
2,3,61,train_fit
2,3,65,train_fit
2,3,67,train_fit
2,3,68,train_fit
2,3,69,train_fit
2,3,71,train_fit
2,3,77,train_fit
2,3,78,train_fit
2,3,80,train_fit
2,3,3,val_early
2,3,11,val_early
2,3,16,val_early
2,3,21,val_early
2,3,25,val_early
2,3,51,val_early
2,3,60,val_early
2,3,62,val_early
2,3,70,val_early
2,3,73,val_early
2,3,74,val_early
2,3,76,val_early
2,3,79,val_early
2,4,1,test
2,4,4,test
2,4,9,test
2,4,10,test
2,4,11,test
2,4,14,test
2,4,18,test
2,4,26,test
2,4,29,test
2,4,42,test
2,4,43,test
2,4,47,test
2,4,77,test
2,4,79,test
2,4,80,test
2,4,3,train_fit
2,4,6,train_fit
2,4,7,train_fit
2,4,12,train_fit
2,4,13,train_fit
2,4,15,train_fit
2,4,16,train_fit
2,4,19,train_fit
2,4,20,train_fit
2,4,21,train_fit
2,4,22,train_fit
2,4,23,train_fit
2,4,24,train_fit
2,4,25,train_fit
2,4,27,train_fit
2,4,28,train_fit
2,4,30,train_fit
2,4,31,train_fit
2,4,32,train_fit
2,4,33,train_fit
2,4,34,train_fit
2,4,35,train_fit
2,4,36,train_fit
2,4,37,train_fit
2,4,38,train_fit
2,4,40,train_fit
2,4,41,train_fit
2,4,44,train_fit
2,4,45,train_fit
2,4,48,train_fit
2,4,49,train_fit
2,4,51,train_fit
2,4,52,train_fit
2,4,53,train_fit
2,4,54,train_fit
2,4,55,train_fit
2,4,56,train_fit
2,4,58,train_fit
2,4,60,train_fit
2,4,61,train_fit
2,4,62,train_fit
2,4,63,train_fit
2,4,64,train_fit
2,4,65,train_fit
2,4,67,train_fit
2,4,68,train_fit
2,4,70,train_fit
2,4,72,train_fit
2,4,74,train_fit
2,4,75,train_fit
2,4,76,train_fit
2,4,2,val_early
2,4,5,val_early
2,4,8,val_early
2,4,17,val_early
2,4,39,val_early
2,4,46,val_early
2,4,50,val_early
2,4,57,val_early
2,4,59,val_early
2,4,69,val_early
2,4,71,val_early
2,4,73,val_early
2,4,78,val_early
3,0,3,test
3,0,7,test
3,0,11,test
3,0,14,test
3,0,20,test
3,0,24,test
3,0,27,test
3,0,45,test
3,0,46,test
3,0,52,test
3,0,59,test
3,0,60,test
3,0,65,test
3,0,67,test
3,0,70,test
3,0,72,test
3,0,1,train_fit
3,0,2,train_fit
3,0,4,train_fit
3,0,5,train_fit
3,0,6,train_fit
3,0,9,train_fit
3,0,12,train_fit
3,0,13,train_fit
3,0,15,train_fit
3,0,16,train_fit
3,0,18,train_fit
3,0,19,train_fit
3,0,21,train_fit
3,0,22,train_fit
3,0,23,train_fit
3,0,25,train_fit
3,0,28,train_fit
3,0,31,train_fit
3,0,32,train_fit
3,0,33,train_fit
3,0,35,train_fit
3,0,36,train_fit
3,0,37,train_fit
3,0,38,train_fit
3,0,39,train_fit
3,0,40,train_fit
3,0,42,train_fit
3,0,43,train_fit
3,0,44,train_fit
3,0,47,train_fit
3,0,48,train_fit
3,0,49,train_fit
3,0,50,train_fit
3,0,51,train_fit
3,0,53,train_fit
3,0,55,train_fit
3,0,56,train_fit
3,0,57,train_fit
3,0,58,train_fit
3,0,61,train_fit
3,0,62,train_fit
3,0,63,train_fit
3,0,64,train_fit
3,0,68,train_fit
3,0,69,train_fit
3,0,71,train_fit
3,0,76,train_fit
3,0,77,train_fit
3,0,79,train_fit
3,0,80,train_fit
3,0,8,val_early
3,0,10,val_early
3,0,17,val_early
3,0,26,val_early
3,0,29,val_early
3,0,30,val_early
3,0,34,val_early
3,0,41,val_early
3,0,54,val_early
3,0,73,val_early
3,0,74,val_early
3,0,75,val_early
3,0,78,val_early
3,1,5,test
3,1,9,test
3,1,10,test
3,1,15,test
3,1,22,test
3,1,30,test
3,1,32,test
3,1,36,test
3,1,37,test
3,1,50,test
3,1,56,test
3,1,63,test
3,1,68,test
3,1,71,test
3,1,73,test
3,1,80,test
3,1,1,train_fit
3,1,2,train_fit
3,1,6,train_fit
3,1,7,train_fit
3,1,11,train_fit
3,1,12,train_fit
3,1,13,train_fit
3,1,14,train_fit
3,1,16,train_fit
3,1,17,train_fit
3,1,18,train_fit
3,1,20,train_fit
3,1,21,train_fit
3,1,23,train_fit
3,1,24,train_fit
3,1,25,train_fit
3,1,26,train_fit
3,1,27,train_fit
3,1,28,train_fit
3,1,31,train_fit
3,1,33,train_fit
3,1,34,train_fit
3,1,35,train_fit
3,1,38,train_fit
3,1,41,train_fit
3,1,42,train_fit
3,1,43,train_fit
3,1,44,train_fit
3,1,45,train_fit
3,1,46,train_fit
3,1,47,train_fit
3,1,48,train_fit
3,1,49,train_fit
3,1,52,train_fit
3,1,53,train_fit
3,1,55,train_fit
3,1,57,train_fit
3,1,58,train_fit
3,1,59,train_fit
3,1,60,train_fit
3,1,61,train_fit
3,1,62,train_fit
3,1,64,train_fit
3,1,69,train_fit
3,1,70,train_fit
3,1,72,train_fit
3,1,74,train_fit
3,1,77,train_fit
3,1,78,train_fit
3,1,79,train_fit
3,1,3,val_early
3,1,4,val_early
3,1,8,val_early
3,1,19,val_early
3,1,29,val_early
3,1,39,val_early
3,1,40,val_early
3,1,51,val_early
3,1,54,val_early
3,1,65,val_early
3,1,67,val_early
3,1,75,val_early
3,1,76,val_early
3,2,1,test
3,2,2,test
3,2,12,test
3,2,19,test
3,2,21,test
3,2,28,test
3,2,34,test
3,2,38,test
3,2,41,test
3,2,42,test
3,2,48,test
3,2,49,test
3,2,51,test
3,2,57,test
3,2,62,test
3,2,79,test
3,2,4,train_fit
3,2,5,train_fit
3,2,7,train_fit
3,2,8,train_fit
3,2,10,train_fit
3,2,13,train_fit
3,2,14,train_fit
3,2,15,train_fit
3,2,16,train_fit
3,2,17,train_fit
3,2,18,train_fit
3,2,20,train_fit
3,2,22,train_fit
3,2,23,train_fit
3,2,24,train_fit
3,2,25,train_fit
3,2,26,train_fit
3,2,27,train_fit
3,2,29,train_fit
3,2,30,train_fit
3,2,31,train_fit
3,2,32,train_fit
3,2,35,train_fit
3,2,36,train_fit
3,2,37,train_fit
3,2,43,train_fit
3,2,44,train_fit
3,2,45,train_fit
3,2,46,train_fit
3,2,47,train_fit
3,2,50,train_fit
3,2,52,train_fit
3,2,53,train_fit
3,2,54,train_fit
3,2,55,train_fit
3,2,56,train_fit
3,2,59,train_fit
3,2,60,train_fit
3,2,61,train_fit
3,2,63,train_fit
3,2,64,train_fit
3,2,65,train_fit
3,2,67,train_fit
3,2,68,train_fit
3,2,69,train_fit
3,2,70,train_fit
3,2,71,train_fit
3,2,76,train_fit
3,2,77,train_fit
3,2,80,train_fit
3,2,3,val_early
3,2,6,val_early
3,2,9,val_early
3,2,11,val_early
3,2,33,val_early
3,2,39,val_early
3,2,40,val_early
3,2,58,val_early
3,2,72,val_early
3,2,73,val_early
3,2,74,val_early
3,2,75,val_early
3,2,78,val_early
3,3,8,test
3,3,16,test
3,3,17,test
3,3,25,test
3,3,26,test
3,3,29,test
3,3,33,test
3,3,35,test
3,3,39,test
3,3,40,test
3,3,44,test
3,3,47,test
3,3,54,test
3,3,55,test
3,3,58,test
3,3,64,test
3,3,1,train_fit
3,3,2,train_fit
3,3,3,train_fit
3,3,4,train_fit
3,3,5,train_fit
3,3,6,train_fit
3,3,9,train_fit
3,3,10,train_fit
3,3,11,train_fit
3,3,12,train_fit
3,3,14,train_fit
3,3,18,train_fit
3,3,19,train_fit
3,3,21,train_fit
3,3,24,train_fit
3,3,27,train_fit
3,3,28,train_fit
3,3,30,train_fit
3,3,34,train_fit
3,3,36,train_fit
3,3,37,train_fit
3,3,38,train_fit
3,3,42,train_fit
3,3,43,train_fit
3,3,45,train_fit
3,3,46,train_fit
3,3,48,train_fit
3,3,49,train_fit
3,3,51,train_fit
3,3,52,train_fit
3,3,53,train_fit
3,3,56,train_fit
3,3,57,train_fit
3,3,59,train_fit
3,3,60,train_fit
3,3,62,train_fit
3,3,65,train_fit
3,3,67,train_fit
3,3,68,train_fit
3,3,69,train_fit
3,3,70,train_fit
3,3,71,train_fit
3,3,72,train_fit
3,3,73,train_fit
3,3,74,train_fit
3,3,75,train_fit
3,3,76,train_fit
3,3,77,train_fit
3,3,78,train_fit
3,3,79,train_fit
3,3,7,val_early
3,3,13,val_early
3,3,15,val_early
3,3,20,val_early
3,3,22,val_early
3,3,23,val_early
3,3,31,val_early
3,3,32,val_early
3,3,41,val_early
3,3,50,val_early
3,3,61,val_early
3,3,63,val_early
3,3,80,val_early
3,4,4,test
3,4,6,test
3,4,13,test
3,4,18,test
3,4,23,test
3,4,31,test
3,4,43,test
3,4,53,test
3,4,61,test
3,4,69,test
3,4,74,test
3,4,75,test
3,4,76,test
3,4,77,test
3,4,78,test
3,4,1,train_fit
3,4,2,train_fit
3,4,3,train_fit
3,4,5,train_fit
3,4,7,train_fit
3,4,8,train_fit
3,4,9,train_fit
3,4,11,train_fit
3,4,12,train_fit
3,4,15,train_fit
3,4,16,train_fit
3,4,17,train_fit
3,4,20,train_fit
3,4,22,train_fit
3,4,24,train_fit
3,4,25,train_fit
3,4,26,train_fit
3,4,27,train_fit
3,4,29,train_fit
3,4,30,train_fit
3,4,32,train_fit
3,4,33,train_fit
3,4,37,train_fit
3,4,38,train_fit
3,4,39,train_fit
3,4,41,train_fit
3,4,42,train_fit
3,4,44,train_fit
3,4,46,train_fit
3,4,47,train_fit
3,4,48,train_fit
3,4,49,train_fit
3,4,50,train_fit
3,4,51,train_fit
3,4,54,train_fit
3,4,55,train_fit
3,4,56,train_fit
3,4,57,train_fit
3,4,58,train_fit
3,4,59,train_fit
3,4,60,train_fit
3,4,62,train_fit
3,4,63,train_fit
3,4,64,train_fit
3,4,65,train_fit
3,4,68,train_fit
3,4,70,train_fit
3,4,71,train_fit
3,4,72,train_fit
3,4,73,train_fit
3,4,80,train_fit
3,4,10,val_early
3,4,14,val_early
3,4,19,val_early
3,4,21,val_early
3,4,28,val_early
3,4,34,val_early
3,4,35,val_early
3,4,36,val_early
3,4,40,val_early
3,4,45,val_early
3,4,52,val_early
3,4,67,val_early
3,4,79,val_early
4,0,5,test
4,0,14,test
4,0,23,test
4,0,25,test
4,0,26,test
4,0,29,test
4,0,30,test
4,0,35,test
4,0,37,test
4,0,40,test
4,0,42,test
4,0,52,test
4,0,54,test
4,0,55,test
4,0,60,test
4,0,76,test
4,0,1,train_fit
4,0,2,train_fit
4,0,3,train_fit
4,0,4,train_fit
4,0,7,train_fit
4,0,9,train_fit
4,0,10,train_fit
4,0,11,train_fit
4,0,15,train_fit
4,0,17,train_fit
4,0,19,train_fit
4,0,20,train_fit
4,0,21,train_fit
4,0,22,train_fit
4,0,24,train_fit
4,0,27,train_fit
4,0,33,train_fit
4,0,34,train_fit
4,0,36,train_fit
4,0,38,train_fit
4,0,39,train_fit
4,0,41,train_fit
4,0,43,train_fit
4,0,44,train_fit
4,0,45,train_fit
4,0,46,train_fit
4,0,47,train_fit
4,0,48,train_fit
4,0,49,train_fit
4,0,50,train_fit
4,0,53,train_fit
4,0,56,train_fit
4,0,59,train_fit
4,0,61,train_fit
4,0,62,train_fit
4,0,63,train_fit
4,0,64,train_fit
4,0,65,train_fit
4,0,67,train_fit
4,0,68,train_fit
4,0,69,train_fit
4,0,70,train_fit
4,0,71,train_fit
4,0,72,train_fit
4,0,73,train_fit
4,0,74,train_fit
4,0,77,train_fit
4,0,78,train_fit
4,0,79,train_fit
4,0,80,train_fit
4,0,6,val_early
4,0,8,val_early
4,0,12,val_early
4,0,13,val_early
4,0,16,val_early
4,0,18,val_early
4,0,28,val_early
4,0,31,val_early
4,0,32,val_early
4,0,51,val_early
4,0,57,val_early
4,0,58,val_early
4,0,75,val_early
4,1,1,test
4,1,4,test
4,1,8,test
4,1,16,test
4,1,17,test
4,1,18,test
4,1,19,test
4,1,24,test
4,1,31,test
4,1,33,test
4,1,44,test
4,1,50,test
4,1,56,test
4,1,58,test
4,1,67,test
4,1,77,test
4,1,2,train_fit
4,1,3,train_fit
4,1,5,train_fit
4,1,6,train_fit
4,1,7,train_fit
4,1,9,train_fit
4,1,10,train_fit
4,1,11,train_fit
4,1,13,train_fit
4,1,14,train_fit
4,1,15,train_fit
4,1,20,train_fit
4,1,21,train_fit
4,1,22,train_fit
4,1,23,train_fit
4,1,25,train_fit
4,1,26,train_fit
4,1,27,train_fit
4,1,30,train_fit
4,1,32,train_fit
4,1,35,train_fit
4,1,36,train_fit
4,1,38,train_fit
4,1,39,train_fit
4,1,40,train_fit
4,1,41,train_fit
4,1,42,train_fit
4,1,43,train_fit
4,1,46,train_fit
4,1,47,train_fit
4,1,48,train_fit
4,1,49,train_fit
4,1,52,train_fit
4,1,54,train_fit
4,1,55,train_fit
4,1,57,train_fit
4,1,59,train_fit
4,1,61,train_fit
4,1,63,train_fit
4,1,64,train_fit
4,1,65,train_fit
4,1,68,train_fit
4,1,70,train_fit
4,1,71,train_fit
4,1,72,train_fit
4,1,73,train_fit
4,1,74,train_fit
4,1,75,train_fit
4,1,76,train_fit
4,1,80,train_fit
4,1,12,val_early
4,1,28,val_early
4,1,29,val_early
4,1,34,val_early
4,1,37,val_early
4,1,45,val_early
4,1,51,val_early
4,1,53,val_early
4,1,60,val_early
4,1,62,val_early
4,1,69,val_early
4,1,78,val_early
4,1,79,val_early
4,2,2,test
4,2,3,test
4,2,7,test
4,2,10,test
4,2,34,test
4,2,38,test
4,2,49,test
4,2,51,test
4,2,57,test
4,2,59,test
4,2,63,test
4,2,64,test
4,2,69,test
4,2,70,test
4,2,71,test
4,2,75,test
4,2,1,train_fit
4,2,4,train_fit
4,2,5,train_fit
4,2,6,train_fit
4,2,9,train_fit
4,2,11,train_fit
4,2,12,train_fit
4,2,13,train_fit
4,2,15,train_fit
4,2,17,train_fit
4,2,19,train_fit
4,2,20,train_fit
4,2,21,train_fit
4,2,22,train_fit
4,2,23,train_fit
4,2,24,train_fit
4,2,25,train_fit
4,2,26,train_fit
4,2,27,train_fit
4,2,28,train_fit
4,2,29,train_fit
4,2,30,train_fit
4,2,31,train_fit
4,2,32,train_fit
4,2,37,train_fit
4,2,39,train_fit
4,2,41,train_fit
4,2,42,train_fit
4,2,43,train_fit
4,2,44,train_fit
4,2,45,train_fit
4,2,46,train_fit
4,2,47,train_fit
4,2,48,train_fit
4,2,50,train_fit
4,2,52,train_fit
4,2,53,train_fit
4,2,54,train_fit
4,2,56,train_fit
4,2,58,train_fit
4,2,60,train_fit
4,2,61,train_fit
4,2,62,train_fit
4,2,68,train_fit
4,2,72,train_fit
4,2,73,train_fit
4,2,74,train_fit
4,2,77,train_fit
4,2,78,train_fit
4,2,79,train_fit
4,2,8,val_early
4,2,14,val_early
4,2,16,val_early
4,2,18,val_early
4,2,33,val_early
4,2,35,val_early
4,2,36,val_early
4,2,40,val_early
4,2,55,val_early
4,2,65,val_early
4,2,67,val_early
4,2,76,val_early
4,2,80,val_early
4,3,6,test
4,3,11,test
4,3,12,test
4,3,13,test
4,3,15,test
4,3,27,test
4,3,32,test
4,3,36,test
4,3,39,test
4,3,41,test
4,3,45,test
4,3,61,test
4,3,72,test
4,3,74,test
4,3,78,test
4,3,80,test
4,3,1,train_fit
4,3,2,train_fit
4,3,4,train_fit
4,3,5,train_fit
4,3,7,train_fit
4,3,8,train_fit
4,3,9,train_fit
4,3,10,train_fit
4,3,14,train_fit
4,3,17,train_fit
4,3,18,train_fit
4,3,20,train_fit
4,3,21,train_fit
4,3,22,train_fit
4,3,24,train_fit
4,3,25,train_fit
4,3,26,train_fit
4,3,29,train_fit
4,3,30,train_fit
4,3,31,train_fit
4,3,33,train_fit
4,3,34,train_fit
4,3,35,train_fit
4,3,37,train_fit
4,3,38,train_fit
4,3,40,train_fit
4,3,42,train_fit
4,3,43,train_fit
4,3,44,train_fit
4,3,46,train_fit
4,3,47,train_fit
4,3,48,train_fit
4,3,49,train_fit
4,3,50,train_fit
4,3,52,train_fit
4,3,54,train_fit
4,3,55,train_fit
4,3,56,train_fit
4,3,59,train_fit
4,3,60,train_fit
4,3,62,train_fit
4,3,63,train_fit
4,3,64,train_fit
4,3,65,train_fit
4,3,67,train_fit
4,3,70,train_fit
4,3,73,train_fit
4,3,75,train_fit
4,3,77,train_fit
4,3,79,train_fit
4,3,3,val_early
4,3,16,val_early
4,3,19,val_early
4,3,23,val_early
4,3,28,val_early
4,3,51,val_early
4,3,53,val_early
4,3,57,val_early
4,3,58,val_early
4,3,68,val_early
4,3,69,val_early
4,3,71,val_early
4,3,76,val_early
4,4,9,test
4,4,20,test
4,4,21,test
4,4,22,test
4,4,28,test
4,4,43,test
4,4,46,test
4,4,47,test
4,4,48,test
4,4,53,test
4,4,62,test
4,4,65,test
4,4,68,test
4,4,73,test
4,4,79,test
4,4,1,train_fit
4,4,2,train_fit
4,4,3,train_fit
4,4,4,train_fit
4,4,7,train_fit
4,4,8,train_fit
4,4,10,train_fit
4,4,11,train_fit
4,4,12,train_fit
4,4,13,train_fit
4,4,14,train_fit
4,4,15,train_fit
4,4,16,train_fit
4,4,18,train_fit
4,4,19,train_fit
4,4,23,train_fit
4,4,24,train_fit
4,4,25,train_fit
4,4,26,train_fit
4,4,29,train_fit
4,4,30,train_fit
4,4,31,train_fit
4,4,32,train_fit
4,4,35,train_fit
4,4,36,train_fit
4,4,37,train_fit
4,4,38,train_fit
4,4,39,train_fit
4,4,40,train_fit
4,4,41,train_fit
4,4,42,train_fit
4,4,50,train_fit
4,4,51,train_fit
4,4,52,train_fit
4,4,54,train_fit
4,4,55,train_fit
4,4,56,train_fit
4,4,57,train_fit
4,4,60,train_fit
4,4,61,train_fit
4,4,63,train_fit
4,4,64,train_fit
4,4,67,train_fit
4,4,70,train_fit
4,4,71,train_fit
4,4,72,train_fit
4,4,74,train_fit
4,4,75,train_fit
4,4,76,train_fit
4,4,77,train_fit
4,4,80,train_fit
4,4,5,val_early
4,4,6,val_early
4,4,17,val_early
4,4,27,val_early
4,4,33,val_early
4,4,34,val_early
4,4,44,val_early
4,4,45,val_early
4,4,49,val_early
4,4,58,val_early
4,4,59,val_early
4,4,69,val_early
4,4,78,val_early
5,0,5,test
5,0,12,test
5,0,13,test
5,0,15,test
5,0,20,test
5,0,24,test
5,0,25,test
5,0,26,test
5,0,33,test
5,0,36,test
5,0,43,test
5,0,46,test
5,0,48,test
5,0,51,test
5,0,78,test
5,0,80,test
5,0,1,train_fit
5,0,2,train_fit
5,0,3,train_fit
5,0,4,train_fit
5,0,8,train_fit
5,0,9,train_fit
5,0,10,train_fit
5,0,11,train_fit
5,0,14,train_fit
5,0,16,train_fit
5,0,18,train_fit
5,0,19,train_fit
5,0,21,train_fit
5,0,22,train_fit
5,0,23,train_fit
5,0,27,train_fit
5,0,28,train_fit
5,0,34,train_fit
5,0,35,train_fit
5,0,37,train_fit
5,0,38,train_fit
5,0,39,train_fit
5,0,40,train_fit
5,0,42,train_fit
5,0,44,train_fit
5,0,45,train_fit
5,0,47,train_fit
5,0,50,train_fit
5,0,52,train_fit
5,0,55,train_fit
5,0,56,train_fit
5,0,58,train_fit
5,0,59,train_fit
5,0,60,train_fit
5,0,61,train_fit
5,0,62,train_fit
5,0,63,train_fit
5,0,64,train_fit
5,0,65,train_fit
5,0,67,train_fit
5,0,68,train_fit
5,0,69,train_fit
5,0,70,train_fit
5,0,71,train_fit
5,0,72,train_fit
5,0,74,train_fit
5,0,75,train_fit
5,0,76,train_fit
5,0,77,train_fit
5,0,79,train_fit
5,0,6,val_early
5,0,7,val_early
5,0,17,val_early
5,0,29,val_early
5,0,30,val_early
5,0,31,val_early
5,0,32,val_early
5,0,41,val_early
5,0,49,val_early
5,0,53,val_early
5,0,54,val_early
5,0,57,val_early
5,0,73,val_early
5,1,1,test
5,1,14,test
5,1,17,test
5,1,18,test
5,1,19,test
5,1,31,test
5,1,32,test
5,1,39,test
5,1,42,test
5,1,47,test
5,1,49,test
5,1,58,test
5,1,59,test
5,1,63,test
5,1,65,test
5,1,68,test
5,1,2,train_fit
5,1,3,train_fit
5,1,4,train_fit
5,1,5,train_fit
5,1,6,train_fit
5,1,8,train_fit
5,1,10,train_fit
5,1,11,train_fit
5,1,12,train_fit
5,1,13,train_fit
5,1,15,train_fit
5,1,16,train_fit
5,1,21,train_fit
5,1,23,train_fit
5,1,24,train_fit
5,1,25,train_fit
5,1,26,train_fit
5,1,27,train_fit
5,1,28,train_fit
5,1,29,train_fit
5,1,30,train_fit
5,1,34,train_fit
5,1,35,train_fit
5,1,36,train_fit
5,1,38,train_fit
5,1,40,train_fit
5,1,41,train_fit
5,1,44,train_fit
5,1,45,train_fit
5,1,48,train_fit
5,1,51,train_fit
5,1,52,train_fit
5,1,53,train_fit
5,1,54,train_fit
5,1,55,train_fit
5,1,56,train_fit
5,1,57,train_fit
5,1,61,train_fit
5,1,62,train_fit
5,1,64,train_fit
5,1,67,train_fit
5,1,69,train_fit
5,1,71,train_fit
5,1,72,train_fit
5,1,73,train_fit
5,1,75,train_fit
5,1,76,train_fit
5,1,77,train_fit
5,1,78,train_fit
5,1,80,train_fit
5,1,7,val_early
5,1,9,val_early
5,1,20,val_early
5,1,22,val_early
5,1,33,val_early
5,1,37,val_early
5,1,43,val_early
5,1,46,val_early
5,1,50,val_early
5,1,60,val_early
5,1,70,val_early
5,1,74,val_early
5,1,79,val_early
5,2,9,test
5,2,16,test
5,2,21,test
5,2,22,test
5,2,29,test
5,2,35,test
5,2,37,test
5,2,44,test
5,2,53,test
5,2,54,test
5,2,55,test
5,2,56,test
5,2,67,test
5,2,70,test
5,2,74,test
5,2,76,test
5,2,1,train_fit
5,2,3,train_fit
5,2,4,train_fit
5,2,5,train_fit
5,2,6,train_fit
5,2,7,train_fit
5,2,8,train_fit
5,2,10,train_fit
5,2,12,train_fit
5,2,13,train_fit
5,2,14,train_fit
5,2,15,train_fit
5,2,17,train_fit
5,2,18,train_fit
5,2,20,train_fit
5,2,23,train_fit
5,2,24,train_fit
5,2,26,train_fit
5,2,27,train_fit
5,2,28,train_fit
5,2,30,train_fit
5,2,31,train_fit
5,2,32,train_fit
5,2,34,train_fit
5,2,38,train_fit
5,2,41,train_fit
5,2,42,train_fit
5,2,45,train_fit
5,2,46,train_fit
5,2,48,train_fit
5,2,49,train_fit
5,2,50,train_fit
5,2,51,train_fit
5,2,52,train_fit
5,2,57,train_fit
5,2,59,train_fit
5,2,60,train_fit
5,2,61,train_fit
5,2,62,train_fit
5,2,63,train_fit
5,2,64,train_fit
5,2,65,train_fit
5,2,68,train_fit
5,2,69,train_fit
5,2,71,train_fit
5,2,72,train_fit
5,2,75,train_fit
5,2,78,train_fit
5,2,79,train_fit
5,2,80,train_fit
5,2,2,val_early
5,2,11,val_early
5,2,19,val_early
5,2,25,val_early
5,2,33,val_early
5,2,36,val_early
5,2,39,val_early
5,2,40,val_early
5,2,43,val_early
5,2,47,val_early
5,2,58,val_early
5,2,73,val_early
5,2,77,val_early
5,3,4,test
5,3,7,test
5,3,10,test
5,3,11,test
5,3,23,test
5,3,28,test
5,3,45,test
5,3,52,test
5,3,57,test
5,3,60,test
5,3,61,test
5,3,64,test
5,3,69,test
5,3,71,test
5,3,72,test
5,3,79,test
5,3,1,train_fit
5,3,2,train_fit
5,3,3,train_fit
5,3,6,train_fit
5,3,13,train_fit
5,3,14,train_fit
5,3,15,train_fit
5,3,16,train_fit
5,3,18,train_fit
5,3,19,train_fit
5,3,20,train_fit
5,3,21,train_fit
5,3,22,train_fit
5,3,24,train_fit
5,3,25,train_fit
5,3,26,train_fit
5,3,29,train_fit
5,3,30,train_fit
5,3,31,train_fit
5,3,32,train_fit
5,3,34,train_fit
5,3,35,train_fit
5,3,36,train_fit
5,3,38,train_fit
5,3,39,train_fit
5,3,40,train_fit
5,3,41,train_fit
5,3,43,train_fit
5,3,44,train_fit
5,3,46,train_fit
5,3,47,train_fit
5,3,48,train_fit
5,3,49,train_fit
5,3,50,train_fit
5,3,51,train_fit
5,3,53,train_fit
5,3,54,train_fit
5,3,55,train_fit
5,3,56,train_fit
5,3,58,train_fit
5,3,59,train_fit
5,3,63,train_fit
5,3,67,train_fit
5,3,68,train_fit
5,3,70,train_fit
5,3,74,train_fit
5,3,75,train_fit
5,3,77,train_fit
5,3,78,train_fit
5,3,80,train_fit
5,3,5,val_early
5,3,8,val_early
5,3,9,val_early
5,3,12,val_early
5,3,17,val_early
5,3,27,val_early
5,3,33,val_early
5,3,37,val_early
5,3,42,val_early
5,3,62,val_early
5,3,65,val_early
5,3,73,val_early
5,3,76,val_early
5,4,2,test
5,4,3,test
5,4,6,test
5,4,8,test
5,4,27,test
5,4,30,test
5,4,34,test
5,4,38,test
5,4,40,test
5,4,41,test
5,4,50,test
5,4,62,test
5,4,73,test
5,4,75,test
5,4,77,test
5,4,4,train_fit
5,4,9,train_fit
5,4,11,train_fit
5,4,15,train_fit
5,4,16,train_fit
5,4,17,train_fit
5,4,18,train_fit
5,4,20,train_fit
5,4,21,train_fit
5,4,22,train_fit
5,4,23,train_fit
5,4,24,train_fit
5,4,25,train_fit
5,4,26,train_fit
5,4,28,train_fit
5,4,29,train_fit
5,4,31,train_fit
5,4,32,train_fit
5,4,33,train_fit
5,4,35,train_fit
5,4,36,train_fit
5,4,37,train_fit
5,4,39,train_fit
5,4,42,train_fit
5,4,44,train_fit
5,4,45,train_fit
5,4,46,train_fit
5,4,47,train_fit
5,4,48,train_fit
5,4,49,train_fit
5,4,52,train_fit
5,4,53,train_fit
5,4,54,train_fit
5,4,55,train_fit
5,4,56,train_fit
5,4,57,train_fit
5,4,58,train_fit
5,4,60,train_fit
5,4,61,train_fit
5,4,63,train_fit
5,4,64,train_fit
5,4,67,train_fit
5,4,68,train_fit
5,4,70,train_fit
5,4,71,train_fit
5,4,72,train_fit
5,4,74,train_fit
5,4,76,train_fit
5,4,78,train_fit
5,4,79,train_fit
5,4,80,train_fit
5,4,1,val_early
5,4,5,val_early
5,4,7,val_early
5,4,10,val_early
5,4,12,val_early
5,4,13,val_early
5,4,14,val_early
5,4,19,val_early
5,4,43,val_early
5,4,51,val_early
5,4,59,val_early
5,4,65,val_early
5,4,69,val_early
6,0,8,test
6,0,21,test
6,0,25,test
6,0,31,test
6,0,33,test
6,0,34,test
6,0,36,test
6,0,46,test
6,0,52,test
6,0,64,test
6,0,67,test
6,0,69,test
6,0,70,test
6,0,73,test
6,0,77,test
6,0,78,test
6,0,2,train_fit
6,0,3,train_fit
6,0,4,train_fit
6,0,5,train_fit
6,0,7,train_fit
6,0,10,train_fit
6,0,12,train_fit
6,0,13,train_fit
6,0,14,train_fit
6,0,15,train_fit
6,0,19,train_fit
6,0,22,train_fit
6,0,23,train_fit
6,0,24,train_fit
6,0,26,train_fit
6,0,27,train_fit
6,0,28,train_fit
6,0,29,train_fit
6,0,30,train_fit
6,0,32,train_fit
6,0,35,train_fit
6,0,37,train_fit
6,0,39,train_fit
6,0,40,train_fit
6,0,41,train_fit
6,0,42,train_fit
6,0,43,train_fit
6,0,44,train_fit
6,0,45,train_fit
6,0,47,train_fit
6,0,48,train_fit
6,0,49,train_fit
6,0,50,train_fit
6,0,53,train_fit
6,0,54,train_fit
6,0,55,train_fit
6,0,57,train_fit
6,0,58,train_fit
6,0,59,train_fit
6,0,60,train_fit
6,0,61,train_fit
6,0,62,train_fit
6,0,63,train_fit
6,0,65,train_fit
6,0,68,train_fit
6,0,71,train_fit
6,0,72,train_fit
6,0,74,train_fit
6,0,76,train_fit
6,0,80,train_fit
6,0,1,val_early
6,0,6,val_early
6,0,9,val_early
6,0,11,val_early
6,0,16,val_early
6,0,17,val_early
6,0,18,val_early
6,0,20,val_early
6,0,38,val_early
6,0,51,val_early
6,0,56,val_early
6,0,75,val_early
6,0,79,val_early
6,1,1,test
6,1,2,test
6,1,10,test
6,1,12,test
6,1,14,test
6,1,15,test
6,1,28,test
6,1,29,test
6,1,30,test
6,1,37,test
6,1,48,test
6,1,49,test
6,1,51,test
6,1,57,test
6,1,63,test
6,1,72,test
6,1,3,train_fit
6,1,4,train_fit
6,1,5,train_fit
6,1,7,train_fit
6,1,8,train_fit
6,1,9,train_fit
6,1,11,train_fit
6,1,13,train_fit
6,1,16,train_fit
6,1,17,train_fit
6,1,18,train_fit
6,1,20,train_fit
6,1,21,train_fit
6,1,22,train_fit
6,1,23,train_fit
6,1,24,train_fit
6,1,25,train_fit
6,1,26,train_fit
6,1,27,train_fit
6,1,31,train_fit
6,1,32,train_fit
6,1,34,train_fit
6,1,38,train_fit
6,1,40,train_fit
6,1,41,train_fit
6,1,43,train_fit
6,1,45,train_fit
6,1,46,train_fit
6,1,47,train_fit
6,1,50,train_fit
6,1,52,train_fit
6,1,53,train_fit
6,1,54,train_fit
6,1,55,train_fit
6,1,58,train_fit
6,1,59,train_fit
6,1,60,train_fit
6,1,61,train_fit
6,1,62,train_fit
6,1,64,train_fit
6,1,65,train_fit
6,1,67,train_fit
6,1,68,train_fit
6,1,71,train_fit
6,1,74,train_fit
6,1,75,train_fit
6,1,76,train_fit
6,1,77,train_fit
6,1,78,train_fit
6,1,80,train_fit
6,1,6,val_early
6,1,19,val_early
6,1,33,val_early
6,1,35,val_early
6,1,36,val_early
6,1,39,val_early
6,1,42,val_early
6,1,44,val_early
6,1,56,val_early
6,1,69,val_early
6,1,70,val_early
6,1,73,val_early
6,1,79,val_early
6,2,7,test
6,2,11,test
6,2,19,test
6,2,20,test
6,2,23,test
6,2,24,test
6,2,32,test
6,2,39,test
6,2,40,test
6,2,47,test
6,2,50,test
6,2,53,test
6,2,58,test
6,2,60,test
6,2,71,test
6,2,80,test
6,2,2,train_fit
6,2,3,train_fit
6,2,4,train_fit
6,2,5,train_fit
6,2,8,train_fit
6,2,10,train_fit
6,2,13,train_fit
6,2,17,train_fit
6,2,21,train_fit
6,2,22,train_fit
6,2,25,train_fit
6,2,26,train_fit
6,2,27,train_fit
6,2,29,train_fit
6,2,30,train_fit
6,2,31,train_fit
6,2,33,train_fit
6,2,34,train_fit
6,2,35,train_fit
6,2,36,train_fit
6,2,37,train_fit
6,2,38,train_fit
6,2,41,train_fit
6,2,42,train_fit
6,2,43,train_fit
6,2,44,train_fit
6,2,45,train_fit
6,2,46,train_fit
6,2,48,train_fit
6,2,49,train_fit
6,2,51,train_fit
6,2,52,train_fit
6,2,54,train_fit
6,2,55,train_fit
6,2,56,train_fit
6,2,59,train_fit
6,2,61,train_fit
6,2,62,train_fit
6,2,64,train_fit
6,2,65,train_fit
6,2,68,train_fit
6,2,69,train_fit
6,2,70,train_fit
6,2,72,train_fit
6,2,73,train_fit
6,2,74,train_fit
6,2,75,train_fit
6,2,76,train_fit
6,2,77,train_fit
6,2,78,train_fit
6,2,1,val_early
6,2,6,val_early
6,2,9,val_early
6,2,12,val_early
6,2,14,val_early
6,2,15,val_early
6,2,16,val_early
6,2,18,val_early
6,2,28,val_early
6,2,57,val_early
6,2,63,val_early
6,2,67,val_early
6,2,79,val_early
6,3,3,test
6,3,4,test
6,3,6,test
6,3,9,test
6,3,13,test
6,3,18,test
6,3,26,test
6,3,35,test
6,3,38,test
6,3,42,test
6,3,45,test
6,3,54,test
6,3,59,test
6,3,65,test
6,3,74,test
6,3,75,test
6,3,2,train_fit
6,3,5,train_fit
6,3,7,train_fit
6,3,8,train_fit
6,3,11,train_fit
6,3,12,train_fit
6,3,14,train_fit
6,3,16,train_fit
6,3,17,train_fit
6,3,21,train_fit
6,3,22,train_fit
6,3,24,train_fit
6,3,25,train_fit
6,3,27,train_fit
6,3,28,train_fit
6,3,29,train_fit
6,3,30,train_fit
6,3,31,train_fit
6,3,32,train_fit
6,3,33,train_fit
6,3,34,train_fit
6,3,36,train_fit
6,3,37,train_fit
6,3,39,train_fit
6,3,40,train_fit
6,3,41,train_fit
6,3,43,train_fit
6,3,44,train_fit
6,3,46,train_fit
6,3,48,train_fit
6,3,49,train_fit
6,3,50,train_fit
6,3,51,train_fit
6,3,56,train_fit
6,3,57,train_fit
6,3,60,train_fit
6,3,61,train_fit
6,3,62,train_fit
6,3,63,train_fit
6,3,67,train_fit
6,3,68,train_fit
6,3,69,train_fit
6,3,70,train_fit
6,3,71,train_fit
6,3,72,train_fit
6,3,76,train_fit
6,3,77,train_fit
6,3,78,train_fit
6,3,79,train_fit
6,3,80,train_fit
6,3,1,val_early
6,3,10,val_early
6,3,15,val_early
6,3,19,val_early
6,3,20,val_early
6,3,23,val_early
6,3,47,val_early
6,3,52,val_early
6,3,53,val_early
6,3,55,val_early
6,3,58,val_early
6,3,64,val_early
6,3,73,val_early
6,4,5,test
6,4,16,test
6,4,17,test
6,4,22,test
6,4,27,test
6,4,41,test
6,4,43,test
6,4,44,test
6,4,55,test
6,4,56,test
6,4,61,test
6,4,62,test
6,4,68,test
6,4,76,test
6,4,79,test
6,4,1,train_fit
6,4,3,train_fit
6,4,8,train_fit
6,4,9,train_fit
6,4,10,train_fit
6,4,11,train_fit
6,4,12,train_fit
6,4,13,train_fit
6,4,14,train_fit
6,4,15,train_fit
6,4,19,train_fit
6,4,20,train_fit
6,4,21,train_fit
6,4,23,train_fit
6,4,26,train_fit
6,4,30,train_fit
6,4,31,train_fit
6,4,32,train_fit
6,4,33,train_fit
6,4,34,train_fit
6,4,35,train_fit
6,4,36,train_fit
6,4,37,train_fit
6,4,38,train_fit
6,4,40,train_fit
6,4,42,train_fit
6,4,45,train_fit
6,4,46,train_fit
6,4,47,train_fit
6,4,48,train_fit
6,4,49,train_fit
6,4,50,train_fit
6,4,51,train_fit
6,4,52,train_fit
6,4,53,train_fit
6,4,57,train_fit
6,4,58,train_fit
6,4,59,train_fit
6,4,63,train_fit
6,4,64,train_fit
6,4,65,train_fit
6,4,67,train_fit
6,4,69,train_fit
6,4,70,train_fit
6,4,71,train_fit
6,4,72,train_fit
6,4,73,train_fit
6,4,74,train_fit
6,4,77,train_fit
6,4,78,train_fit
6,4,80,train_fit
6,4,2,val_early
6,4,4,val_early
6,4,6,val_early
6,4,7,val_early
6,4,18,val_early
6,4,24,val_early
6,4,25,val_early
6,4,28,val_early
6,4,29,val_early
6,4,39,val_early
6,4,54,val_early
6,4,60,val_early
6,4,75,val_early
7,0,1,test
7,0,10,test
7,0,12,test
7,0,14,test
7,0,19,test
7,0,24,test
7,0,29,test
7,0,30,test
7,0,33,test
7,0,37,test
7,0,38,test
7,0,43,test
7,0,44,test
7,0,61,test
7,0,69,test
7,0,77,test
7,0,2,train_fit
7,0,3,train_fit
7,0,4,train_fit
7,0,6,train_fit
7,0,7,train_fit
7,0,8,train_fit
7,0,9,train_fit
7,0,11,train_fit
7,0,15,train_fit
7,0,17,train_fit
7,0,18,train_fit
7,0,20,train_fit
7,0,21,train_fit
7,0,22,train_fit
7,0,23,train_fit
7,0,26,train_fit
7,0,27,train_fit
7,0,28,train_fit
7,0,31,train_fit
7,0,34,train_fit
7,0,35,train_fit
7,0,36,train_fit
7,0,39,train_fit
7,0,40,train_fit
7,0,42,train_fit
7,0,45,train_fit
7,0,46,train_fit
7,0,49,train_fit
7,0,52,train_fit
7,0,53,train_fit
7,0,55,train_fit
7,0,57,train_fit
7,0,58,train_fit
7,0,59,train_fit
7,0,60,train_fit
7,0,62,train_fit
7,0,63,train_fit
7,0,64,train_fit
7,0,65,train_fit
7,0,67,train_fit
7,0,68,train_fit
7,0,70,train_fit
7,0,71,train_fit
7,0,72,train_fit
7,0,73,train_fit
7,0,74,train_fit
7,0,75,train_fit
7,0,76,train_fit
7,0,78,train_fit
7,0,79,train_fit
7,0,5,val_early
7,0,13,val_early
7,0,16,val_early
7,0,25,val_early
7,0,32,val_early
7,0,41,val_early
7,0,47,val_early
7,0,48,val_early
7,0,50,val_early
7,0,51,val_early
7,0,54,val_early
7,0,56,val_early
7,0,80,val_early
7,1,3,test
7,1,9,test
7,1,17,test
7,1,25,test
7,1,27,test
7,1,31,test
7,1,40,test
7,1,41,test
7,1,55,test
7,1,58,test
7,1,62,test
7,1,65,test
7,1,70,test
7,1,73,test
7,1,74,test
7,1,79,test
7,1,1,train_fit
7,1,2,train_fit
7,1,4,train_fit
7,1,5,train_fit
7,1,6,train_fit
7,1,7,train_fit
7,1,8,train_fit
7,1,11,train_fit
7,1,13,train_fit
7,1,14,train_fit
7,1,15,train_fit
7,1,16,train_fit
7,1,18,train_fit
7,1,19,train_fit
7,1,21,train_fit
7,1,22,train_fit
7,1,23,train_fit
7,1,24,train_fit
7,1,29,train_fit
7,1,30,train_fit
7,1,32,train_fit
7,1,33,train_fit
7,1,36,train_fit
7,1,38,train_fit
7,1,42,train_fit
7,1,43,train_fit
7,1,44,train_fit
7,1,45,train_fit
7,1,46,train_fit
7,1,47,train_fit
7,1,48,train_fit
7,1,49,train_fit
7,1,50,train_fit
7,1,51,train_fit
7,1,52,train_fit
7,1,53,train_fit
7,1,56,train_fit
7,1,57,train_fit
7,1,60,train_fit
7,1,61,train_fit
7,1,63,train_fit
7,1,64,train_fit
7,1,67,train_fit
7,1,71,train_fit
7,1,72,train_fit
7,1,75,train_fit
7,1,76,train_fit
7,1,77,train_fit
7,1,78,train_fit
7,1,80,train_fit
7,1,10,val_early
7,1,12,val_early
7,1,20,val_early
7,1,26,val_early
7,1,28,val_early
7,1,34,val_early
7,1,35,val_early
7,1,37,val_early
7,1,39,val_early
7,1,54,val_early
7,1,59,val_early
7,1,68,val_early
7,1,69,val_early
7,2,4,test
7,2,6,test
7,2,8,test
7,2,11,test
7,2,21,test
7,2,22,test
7,2,28,test
7,2,32,test
7,2,36,test
7,2,45,test
7,2,54,test
7,2,64,test
7,2,68,test
7,2,76,test
7,2,78,test
7,2,80,test
7,2,2,train_fit
7,2,3,train_fit
7,2,7,train_fit
7,2,9,train_fit
7,2,12,train_fit
7,2,13,train_fit
7,2,14,train_fit
7,2,15,train_fit
7,2,16,train_fit
7,2,17,train_fit
7,2,18,train_fit
7,2,19,train_fit
7,2,23,train_fit
7,2,24,train_fit
7,2,25,train_fit
7,2,27,train_fit
7,2,29,train_fit
7,2,30,train_fit
7,2,31,train_fit
7,2,33,train_fit
7,2,35,train_fit
7,2,38,train_fit
7,2,39,train_fit
7,2,42,train_fit
7,2,43,train_fit
7,2,44,train_fit
7,2,46,train_fit
7,2,47,train_fit
7,2,48,train_fit
7,2,49,train_fit
7,2,50,train_fit
7,2,51,train_fit
7,2,52,train_fit
7,2,53,train_fit
7,2,55,train_fit
7,2,56,train_fit
7,2,58,train_fit
7,2,59,train_fit
7,2,62,train_fit
7,2,63,train_fit
7,2,67,train_fit
7,2,69,train_fit
7,2,70,train_fit
7,2,71,train_fit
7,2,72,train_fit
7,2,73,train_fit
7,2,74,train_fit
7,2,75,train_fit
7,2,77,train_fit
7,2,79,train_fit
7,2,1,val_early
7,2,5,val_early
7,2,10,val_early
7,2,20,val_early
7,2,26,val_early
7,2,34,val_early
7,2,37,val_early
7,2,40,val_early
7,2,41,val_early
7,2,57,val_early
7,2,60,val_early
7,2,61,val_early
7,2,65,val_early
7,3,7,test
7,3,16,test
7,3,18,test
7,3,23,test
7,3,26,test
7,3,34,test
7,3,35,test
7,3,42,test
7,3,46,test
7,3,52,test
7,3,53,test
7,3,56,test
7,3,59,test
7,3,63,test
7,3,71,test
7,3,72,test
7,3,2,train_fit
7,3,3,train_fit
7,3,4,train_fit
7,3,5,train_fit
7,3,6,train_fit
7,3,8,train_fit
7,3,9,train_fit
7,3,10,train_fit
7,3,11,train_fit
7,3,12,train_fit
7,3,14,train_fit
7,3,15,train_fit
7,3,17,train_fit
7,3,19,train_fit
7,3,20,train_fit
7,3,21,train_fit
7,3,22,train_fit
7,3,25,train_fit
7,3,27,train_fit
7,3,28,train_fit
7,3,31,train_fit
7,3,32,train_fit
7,3,36,train_fit
7,3,37,train_fit
7,3,39,train_fit
7,3,41,train_fit
7,3,43,train_fit
7,3,44,train_fit
7,3,45,train_fit
7,3,47,train_fit
7,3,48,train_fit
7,3,49,train_fit
7,3,50,train_fit
7,3,54,train_fit
7,3,55,train_fit
7,3,57,train_fit
7,3,58,train_fit
7,3,60,train_fit
7,3,61,train_fit
7,3,62,train_fit
7,3,67,train_fit
7,3,68,train_fit
7,3,69,train_fit
7,3,70,train_fit
7,3,73,train_fit
7,3,74,train_fit
7,3,75,train_fit
7,3,76,train_fit
7,3,77,train_fit
7,3,79,train_fit
7,3,1,val_early
7,3,13,val_early
7,3,24,val_early
7,3,29,val_early
7,3,30,val_early
7,3,33,val_early
7,3,38,val_early
7,3,40,val_early
7,3,51,val_early
7,3,64,val_early
7,3,65,val_early
7,3,78,val_early
7,3,80,val_early
7,4,2,test
7,4,5,test
7,4,13,test
7,4,15,test
7,4,20,test
7,4,39,test
7,4,47,test
7,4,48,test
7,4,49,test
7,4,50,test
7,4,51,test
7,4,57,test
7,4,60,test
7,4,67,test
7,4,75,test
7,4,1,train_fit
7,4,3,train_fit
7,4,6,train_fit
7,4,7,train_fit
7,4,8,train_fit
7,4,11,train_fit
7,4,12,train_fit
7,4,14,train_fit
7,4,16,train_fit
7,4,17,train_fit
7,4,18,train_fit
7,4,19,train_fit
7,4,21,train_fit
7,4,22,train_fit
7,4,23,train_fit
7,4,24,train_fit
7,4,25,train_fit
7,4,26,train_fit
7,4,27,train_fit
7,4,29,train_fit
7,4,30,train_fit
7,4,32,train_fit
7,4,33,train_fit
7,4,34,train_fit
7,4,36,train_fit
7,4,37,train_fit
7,4,38,train_fit
7,4,40,train_fit
7,4,41,train_fit
7,4,42,train_fit
7,4,43,train_fit
7,4,45,train_fit
7,4,46,train_fit
7,4,52,train_fit
7,4,54,train_fit
7,4,55,train_fit
7,4,56,train_fit
7,4,59,train_fit
7,4,62,train_fit
7,4,63,train_fit
7,4,65,train_fit
7,4,68,train_fit
7,4,70,train_fit
7,4,71,train_fit
7,4,72,train_fit
7,4,73,train_fit
7,4,74,train_fit
7,4,77,train_fit
7,4,78,train_fit
7,4,79,train_fit
7,4,80,train_fit
7,4,4,val_early
7,4,9,val_early
7,4,10,val_early
7,4,28,val_early
7,4,31,val_early
7,4,35,val_early
7,4,44,val_early
7,4,53,val_early
7,4,58,val_early
7,4,61,val_early
7,4,64,val_early
7,4,69,val_early
7,4,76,val_early
8,0,4,test
8,0,12,test
8,0,13,test
8,0,14,test
8,0,19,test
8,0,24,test
8,0,26,test
8,0,32,test
8,0,35,test
8,0,37,test
8,0,41,test
8,0,43,test
8,0,54,test
8,0,56,test
8,0,61,test
8,0,70,test
8,0,1,train_fit
8,0,2,train_fit
8,0,3,train_fit
8,0,5,train_fit
8,0,6,train_fit
8,0,7,train_fit
8,0,10,train_fit
8,0,11,train_fit
8,0,15,train_fit
8,0,16,train_fit
8,0,17,train_fit
8,0,18,train_fit
8,0,20,train_fit
8,0,21,train_fit
8,0,22,train_fit
8,0,25,train_fit
8,0,27,train_fit
8,0,28,train_fit
8,0,29,train_fit
8,0,30,train_fit
8,0,31,train_fit
8,0,33,train_fit
8,0,34,train_fit
8,0,42,train_fit
8,0,44,train_fit
8,0,45,train_fit
8,0,46,train_fit
8,0,47,train_fit
8,0,49,train_fit
8,0,50,train_fit
8,0,52,train_fit
8,0,53,train_fit
8,0,55,train_fit
8,0,57,train_fit
8,0,58,train_fit
8,0,59,train_fit
8,0,60,train_fit
8,0,62,train_fit
8,0,63,train_fit
8,0,64,train_fit
8,0,65,train_fit
8,0,67,train_fit
8,0,68,train_fit
8,0,69,train_fit
8,0,72,train_fit
8,0,73,train_fit
8,0,74,train_fit
8,0,75,train_fit
8,0,76,train_fit
8,0,77,train_fit
8,0,8,val_early
8,0,9,val_early
8,0,23,val_early
8,0,36,val_early
8,0,38,val_early
8,0,39,val_early
8,0,40,val_early
8,0,48,val_early
8,0,51,val_early
8,0,71,val_early
8,0,78,val_early
8,0,79,val_early
8,0,80,val_early
8,1,2,test
8,1,11,test
8,1,20,test
8,1,28,test
8,1,29,test
8,1,34,test
8,1,39,test
8,1,42,test
8,1,45,test
8,1,46,test
8,1,47,test
8,1,48,test
8,1,49,test
8,1,58,test
8,1,59,test
8,1,73,test
8,1,1,train_fit
8,1,3,train_fit
8,1,5,train_fit
8,1,7,train_fit
8,1,8,train_fit
8,1,9,train_fit
8,1,12,train_fit
8,1,14,train_fit
8,1,16,train_fit
8,1,18,train_fit
8,1,19,train_fit
8,1,21,train_fit
8,1,22,train_fit
8,1,23,train_fit
8,1,24,train_fit
8,1,25,train_fit
8,1,26,train_fit
8,1,27,train_fit
8,1,30,train_fit
8,1,31,train_fit
8,1,32,train_fit
8,1,33,train_fit
8,1,35,train_fit
8,1,36,train_fit
8,1,37,train_fit
8,1,38,train_fit
8,1,40,train_fit
8,1,41,train_fit
8,1,43,train_fit
8,1,44,train_fit
8,1,51,train_fit
8,1,53,train_fit
8,1,54,train_fit
8,1,56,train_fit
8,1,57,train_fit
8,1,60,train_fit
8,1,62,train_fit
8,1,63,train_fit
8,1,65,train_fit
8,1,67,train_fit
8,1,68,train_fit
8,1,69,train_fit
8,1,70,train_fit
8,1,72,train_fit
8,1,74,train_fit
8,1,75,train_fit
8,1,76,train_fit
8,1,77,train_fit
8,1,79,train_fit
8,1,80,train_fit
8,1,4,val_early
8,1,6,val_early
8,1,10,val_early
8,1,13,val_early
8,1,15,val_early
8,1,17,val_early
8,1,50,val_early
8,1,52,val_early
8,1,55,val_early
8,1,61,val_early
8,1,64,val_early
8,1,71,val_early
8,1,78,val_early
8,2,1,test
8,2,6,test
8,2,9,test
8,2,16,test
8,2,18,test
8,2,22,test
8,2,25,test
8,2,38,test
8,2,44,test
8,2,50,test
8,2,60,test
8,2,65,test
8,2,71,test
8,2,75,test
8,2,76,test
8,2,77,test
8,2,2,train_fit
8,2,3,train_fit
8,2,4,train_fit
8,2,5,train_fit
8,2,7,train_fit
8,2,11,train_fit
8,2,12,train_fit
8,2,13,train_fit
8,2,14,train_fit
8,2,15,train_fit
8,2,17,train_fit
8,2,20,train_fit
8,2,21,train_fit
8,2,23,train_fit
8,2,26,train_fit
8,2,27,train_fit
8,2,29,train_fit
8,2,30,train_fit
8,2,31,train_fit
8,2,32,train_fit
8,2,34,train_fit
8,2,35,train_fit
8,2,36,train_fit
8,2,37,train_fit
8,2,39,train_fit
8,2,40,train_fit
8,2,41,train_fit
8,2,43,train_fit
8,2,46,train_fit
8,2,47,train_fit
8,2,48,train_fit
8,2,49,train_fit
8,2,51,train_fit
8,2,52,train_fit
8,2,53,train_fit
8,2,54,train_fit
8,2,55,train_fit
8,2,56,train_fit
8,2,57,train_fit
8,2,59,train_fit
8,2,62,train_fit
8,2,63,train_fit
8,2,67,train_fit
8,2,68,train_fit
8,2,72,train_fit
8,2,73,train_fit
8,2,74,train_fit
8,2,78,train_fit
8,2,79,train_fit
8,2,80,train_fit
8,2,8,val_early
8,2,10,val_early
8,2,19,val_early
8,2,24,val_early
8,2,28,val_early
8,2,33,val_early
8,2,42,val_early
8,2,45,val_early
8,2,58,val_early
8,2,61,val_early
8,2,64,val_early
8,2,69,val_early
8,2,70,val_early
8,3,5,test
8,3,10,test
8,3,15,test
8,3,17,test
8,3,27,test
8,3,30,test
8,3,33,test
8,3,52,test
8,3,53,test
8,3,55,test
8,3,57,test
8,3,62,test
8,3,63,test
8,3,68,test
8,3,69,test
8,3,74,test
8,3,1,train_fit
8,3,2,train_fit
8,3,3,train_fit
8,3,4,train_fit
8,3,6,train_fit
8,3,7,train_fit
8,3,8,train_fit
8,3,9,train_fit
8,3,12,train_fit
8,3,13,train_fit
8,3,14,train_fit
8,3,18,train_fit
8,3,19,train_fit
8,3,20,train_fit
8,3,21,train_fit
8,3,22,train_fit
8,3,23,train_fit
8,3,26,train_fit
8,3,28,train_fit
8,3,29,train_fit
8,3,31,train_fit
8,3,32,train_fit
8,3,34,train_fit
8,3,35,train_fit
8,3,36,train_fit
8,3,37,train_fit
8,3,38,train_fit
8,3,39,train_fit
8,3,40,train_fit
8,3,41,train_fit
8,3,42,train_fit
8,3,43,train_fit
8,3,44,train_fit
8,3,45,train_fit
8,3,48,train_fit
8,3,49,train_fit
8,3,51,train_fit
8,3,56,train_fit
8,3,58,train_fit
8,3,61,train_fit
8,3,64,train_fit
8,3,65,train_fit
8,3,67,train_fit
8,3,70,train_fit
8,3,71,train_fit
8,3,72,train_fit
8,3,73,train_fit
8,3,76,train_fit
8,3,79,train_fit
8,3,80,train_fit
8,3,11,val_early
8,3,16,val_early
8,3,24,val_early
8,3,25,val_early
8,3,46,val_early
8,3,47,val_early
8,3,50,val_early
8,3,54,val_early
8,3,59,val_early
8,3,60,val_early
8,3,75,val_early
8,3,77,val_early
8,3,78,val_early
8,4,3,test
8,4,7,test
8,4,8,test
8,4,21,test
8,4,23,test
8,4,31,test
8,4,36,test
8,4,40,test
8,4,51,test
8,4,64,test
8,4,67,test
8,4,72,test
8,4,78,test
8,4,79,test
8,4,80,test
8,4,1,train_fit
8,4,2,train_fit
8,4,4,train_fit
8,4,5,train_fit
8,4,6,train_fit
8,4,9,train_fit
8,4,10,train_fit
8,4,12,train_fit
8,4,13,train_fit
8,4,14,train_fit
8,4,18,train_fit
8,4,19,train_fit
8,4,20,train_fit
8,4,22,train_fit
8,4,24,train_fit
8,4,25,train_fit
8,4,26,train_fit
8,4,27,train_fit
8,4,28,train_fit
8,4,29,train_fit
8,4,30,train_fit
8,4,32,train_fit
8,4,33,train_fit
8,4,34,train_fit
8,4,35,train_fit
8,4,37,train_fit
8,4,39,train_fit
8,4,41,train_fit
8,4,42,train_fit
8,4,45,train_fit
8,4,46,train_fit
8,4,47,train_fit
8,4,49,train_fit
8,4,50,train_fit
8,4,52,train_fit
8,4,53,train_fit
8,4,54,train_fit
8,4,55,train_fit
8,4,56,train_fit
8,4,57,train_fit
8,4,58,train_fit
8,4,59,train_fit
8,4,60,train_fit
8,4,61,train_fit
8,4,68,train_fit
8,4,69,train_fit
8,4,73,train_fit
8,4,74,train_fit
8,4,75,train_fit
8,4,76,train_fit
8,4,77,train_fit
8,4,11,val_early
8,4,15,val_early
8,4,16,val_early
8,4,17,val_early
8,4,38,val_early
8,4,43,val_early
8,4,44,val_early
8,4,48,val_early
8,4,62,val_early
8,4,63,val_early
8,4,65,val_early
8,4,70,val_early
8,4,71,val_early
9,0,9,test
9,0,11,test
9,0,12,test
9,0,15,test
9,0,20,test
9,0,22,test
9,0,27,test
9,0,29,test
9,0,38,test
9,0,44,test
9,0,47,test
9,0,51,test
9,0,55,test
9,0,63,test
9,0,68,test
9,0,75,test
9,0,1,train_fit
9,0,3,train_fit
9,0,4,train_fit
9,0,5,train_fit
9,0,6,train_fit
9,0,7,train_fit
9,0,8,train_fit
9,0,10,train_fit
9,0,13,train_fit
9,0,14,train_fit
9,0,18,train_fit
9,0,19,train_fit
9,0,21,train_fit
9,0,23,train_fit
9,0,24,train_fit
9,0,26,train_fit
9,0,28,train_fit
9,0,30,train_fit
9,0,31,train_fit
9,0,32,train_fit
9,0,34,train_fit
9,0,35,train_fit
9,0,36,train_fit
9,0,37,train_fit
9,0,39,train_fit
9,0,41,train_fit
9,0,42,train_fit
9,0,43,train_fit
9,0,48,train_fit
9,0,49,train_fit
9,0,50,train_fit
9,0,52,train_fit
9,0,53,train_fit
9,0,54,train_fit
9,0,56,train_fit
9,0,57,train_fit
9,0,58,train_fit
9,0,60,train_fit
9,0,61,train_fit
9,0,64,train_fit
9,0,65,train_fit
9,0,67,train_fit
9,0,70,train_fit
9,0,72,train_fit
9,0,73,train_fit
9,0,74,train_fit
9,0,76,train_fit
9,0,78,train_fit
9,0,79,train_fit
9,0,80,train_fit
9,0,2,val_early
9,0,16,val_early
9,0,17,val_early
9,0,25,val_early
9,0,33,val_early
9,0,40,val_early
9,0,45,val_early
9,0,46,val_early
9,0,59,val_early
9,0,62,val_early
9,0,69,val_early
9,0,71,val_early
9,0,77,val_early
9,1,1,test
9,1,4,test
9,1,13,test
9,1,16,test
9,1,21,test
9,1,23,test
9,1,25,test
9,1,32,test
9,1,36,test
9,1,43,test
9,1,45,test
9,1,57,test
9,1,59,test
9,1,60,test
9,1,65,test
9,1,74,test
9,1,2,train_fit
9,1,3,train_fit
9,1,5,train_fit
9,1,7,train_fit
9,1,8,train_fit
9,1,9,train_fit
9,1,10,train_fit
9,1,11,train_fit
9,1,12,train_fit
9,1,14,train_fit
9,1,15,train_fit
9,1,18,train_fit
9,1,20,train_fit
9,1,22,train_fit
9,1,24,train_fit
9,1,26,train_fit
9,1,27,train_fit
9,1,29,train_fit
9,1,30,train_fit
9,1,31,train_fit
9,1,33,train_fit
9,1,34,train_fit
9,1,35,train_fit
9,1,38,train_fit
9,1,39,train_fit
9,1,41,train_fit
9,1,44,train_fit
9,1,46,train_fit
9,1,47,train_fit
9,1,49,train_fit
9,1,50,train_fit
9,1,52,train_fit
9,1,54,train_fit
9,1,55,train_fit
9,1,56,train_fit
9,1,58,train_fit
9,1,61,train_fit
9,1,62,train_fit
9,1,63,train_fit
9,1,67,train_fit
9,1,69,train_fit
9,1,70,train_fit
9,1,71,train_fit
9,1,72,train_fit
9,1,75,train_fit
9,1,76,train_fit
9,1,77,train_fit
9,1,78,train_fit
9,1,79,train_fit
9,1,80,train_fit
9,1,6,val_early
9,1,17,val_early
9,1,19,val_early
9,1,28,val_early
9,1,37,val_early
9,1,40,val_early
9,1,42,val_early
9,1,48,val_early
9,1,51,val_early
9,1,53,val_early
9,1,64,val_early
9,1,68,val_early
9,1,73,val_early
9,2,3,test
9,2,18,test
9,2,26,test
9,2,28,test
9,2,31,test
9,2,35,test
9,2,41,test
9,2,46,test
9,2,50,test
9,2,53,test
9,2,58,test
9,2,62,test
9,2,64,test
9,2,72,test
9,2,77,test
9,2,79,test
9,2,1,train_fit
9,2,5,train_fit
9,2,6,train_fit
9,2,7,train_fit
9,2,8,train_fit
9,2,9,train_fit
9,2,10,train_fit
9,2,11,train_fit
9,2,12,train_fit
9,2,13,train_fit
9,2,14,train_fit
9,2,15,train_fit
9,2,17,train_fit
9,2,19,train_fit
9,2,21,train_fit
9,2,23,train_fit
9,2,24,train_fit
9,2,25,train_fit
9,2,27,train_fit
9,2,29,train_fit
9,2,30,train_fit
9,2,32,train_fit
9,2,33,train_fit
9,2,34,train_fit
9,2,36,train_fit
9,2,37,train_fit
9,2,40,train_fit
9,2,42,train_fit
9,2,43,train_fit
9,2,44,train_fit
9,2,45,train_fit
9,2,47,train_fit
9,2,48,train_fit
9,2,49,train_fit
9,2,51,train_fit
9,2,52,train_fit
9,2,54,train_fit
9,2,55,train_fit
9,2,56,train_fit
9,2,57,train_fit
9,2,59,train_fit
9,2,63,train_fit
9,2,65,train_fit
9,2,68,train_fit
9,2,69,train_fit
9,2,70,train_fit
9,2,71,train_fit
9,2,73,train_fit
9,2,74,train_fit
9,2,78,train_fit
9,2,2,val_early
9,2,4,val_early
9,2,16,val_early
9,2,20,val_early
9,2,22,val_early
9,2,38,val_early
9,2,39,val_early
9,2,60,val_early
9,2,61,val_early
9,2,67,val_early
9,2,75,val_early
9,2,76,val_early
9,2,80,val_early
9,3,5,test
9,3,7,test
9,3,8,test
9,3,17,test
9,3,19,test
9,3,24,test
9,3,30,test
9,3,33,test
9,3,37,test
9,3,39,test
9,3,40,test
9,3,42,test
9,3,52,test
9,3,67,test
9,3,70,test
9,3,73,test
9,3,1,train_fit
9,3,2,train_fit
9,3,3,train_fit
9,3,4,train_fit
9,3,6,train_fit
9,3,10,train_fit
9,3,11,train_fit
9,3,12,train_fit
9,3,13,train_fit
9,3,14,train_fit
9,3,15,train_fit
9,3,16,train_fit
9,3,18,train_fit
9,3,20,train_fit
9,3,21,train_fit
9,3,23,train_fit
9,3,25,train_fit
9,3,26,train_fit
9,3,27,train_fit
9,3,28,train_fit
9,3,29,train_fit
9,3,31,train_fit
9,3,32,train_fit
9,3,36,train_fit
9,3,38,train_fit
9,3,41,train_fit
9,3,44,train_fit
9,3,45,train_fit
9,3,46,train_fit
9,3,47,train_fit
9,3,50,train_fit
9,3,53,train_fit
9,3,54,train_fit
9,3,55,train_fit
9,3,56,train_fit
9,3,57,train_fit
9,3,59,train_fit
9,3,60,train_fit
9,3,61,train_fit
9,3,65,train_fit
9,3,68,train_fit
9,3,69,train_fit
9,3,71,train_fit
9,3,74,train_fit
9,3,75,train_fit
9,3,76,train_fit
9,3,77,train_fit
9,3,78,train_fit
9,3,79,train_fit
9,3,80,train_fit
9,3,9,val_early
9,3,22,val_early
9,3,34,val_early
9,3,35,val_early
9,3,43,val_early
9,3,48,val_early
9,3,49,val_early
9,3,51,val_early
9,3,58,val_early
9,3,62,val_early
9,3,63,val_early
9,3,64,val_early
9,3,72,val_early
9,4,2,test
9,4,6,test
9,4,10,test
9,4,14,test
9,4,34,test
9,4,48,test
9,4,49,test
9,4,54,test
9,4,56,test
9,4,61,test
9,4,69,test
9,4,71,test
9,4,76,test
9,4,78,test
9,4,80,test
9,4,1,train_fit
9,4,3,train_fit
9,4,4,train_fit
9,4,5,train_fit
9,4,7,train_fit
9,4,8,train_fit
9,4,9,train_fit
9,4,11,train_fit
9,4,12,train_fit
9,4,15,train_fit
9,4,16,train_fit
9,4,17,train_fit
9,4,18,train_fit
9,4,19,train_fit
9,4,22,train_fit
9,4,23,train_fit
9,4,24,train_fit
9,4,25,train_fit
9,4,26,train_fit
9,4,27,train_fit
9,4,28,train_fit
9,4,30,train_fit
9,4,31,train_fit
9,4,32,train_fit
9,4,33,train_fit
9,4,35,train_fit
9,4,36,train_fit
9,4,37,train_fit
9,4,38,train_fit
9,4,39,train_fit
9,4,40,train_fit
9,4,41,train_fit
9,4,45,train_fit
9,4,46,train_fit
9,4,50,train_fit
9,4,51,train_fit
9,4,53,train_fit
9,4,55,train_fit
9,4,57,train_fit
9,4,60,train_fit
9,4,62,train_fit
9,4,63,train_fit
9,4,64,train_fit
9,4,65,train_fit
9,4,67,train_fit
9,4,70,train_fit
9,4,72,train_fit
9,4,73,train_fit
9,4,75,train_fit
9,4,77,train_fit
9,4,79,train_fit
9,4,13,val_early
9,4,20,val_early
9,4,21,val_early
9,4,29,val_early
9,4,42,val_early
9,4,43,val_early
9,4,44,val_early
9,4,47,val_early
9,4,52,val_early
9,4,58,val_early
9,4,59,val_early
9,4,68,val_early
9,4,74,val_early
