repeat,metodo,auc,sensibilidad,especificidad
0,perceptron,0.696223316912972,0.5238095238095238,0.7413793103448276
0,logreg,0.7036124794745484,0.38095238095238093,0.7068965517241379
0,voting,0.6395730706075534,0.47619047619047616,0.7586206896551724
0,gboost,0.6141215106732347,0.5238095238095238,0.5517241379310345
0,mlp,0.7192118226600984,0.5714285714285714,0.6896551724137931
1,perceptron,0.6141215106732347,0.47619047619047616,0.6724137931034483
1,logreg,0.7233169129720854,0.5714285714285714,0.5344827586206896
1,voting,0.6490147783251231,0.5238095238095238,0.7586206896551724
1,gboost,0.4889162561576355,0.2857142857142857,0.7758620689655172
1,mlp,0.6576354679802956,0.42857142857142855,0.7241379310344828
2,perceptron,0.6625615763546798,0.42857142857142855,0.7241379310344828
2,logreg,0.6839080459770115,0.6666666666666666,0.6206896551724138
2,voting,0.7134646962233169,0.5714285714285714,0.6551724137931034
2,gboost,0.6358784893267653,0.5238095238095238,0.7413793103448276
2,mlp,0.5607553366174055,0.38095238095238093,0.6206896551724138
3,perceptron,0.5517241379310345,0.14285714285714285,0.7413793103448276
3,logreg,0.6798029556650246,0.42857142857142855,0.6551724137931034
3,voting,0.7249589490968802,0.47619047619047616,0.8620689655172413
3,gboost,0.5533661740558291,0.38095238095238093,0.7413793103448276
3,mlp,0.5147783251231526,0.2857142857142857,0.9137931034482759
4,perceptron,0.6830870279146141,0.3333333333333333,0.896551724137931
4,logreg,0.6083743842364532,0.14285714285714285,0.9827586206896551
4,voting,0.63752052545156,0.3333333333333333,0.8620689655172413
4,gboost,0.5192939244663383,0.5238095238095238,0.5862068965517241
4,mlp,0.5689655172413793,0.3333333333333333,0.7758620689655172
5,perceptron,0.6469622331691297,0.23809523809523808,0.9482758620689655
5,logreg,0.7077175697865353,0.42857142857142855,0.8448275862068966
5,voting,0.6646141215106732,0.38095238095238093,0.7758620689655172
5,gboost,0.5500821018062397,0.7619047619047619,0.3448275862068966
5,mlp,0.5459770114942529,0.47619047619047616,0.6379310344827587
6,perceptron,0.5648604269293924,0.38095238095238093,0.7586206896551724
6,logreg,0.5837438423645321,0.3333333333333333,0.8793103448275862
6,voting,0.6888341543513957,0.47619047619047616,0.8448275862068966
6,gboost,0.5476190476190477,0.2857142857142857,0.7413793103448276
6,mlp,0.5829228243021346,0.38095238095238093,0.7931034482758621
7,perceptron,0.7060755336617406,0.5238095238095238,0.6724137931034483
7,logreg,0.6469622331691297,0.42857142857142855,0.8620689655172413
7,voting,0.6605090311986864,0.5238095238095238,0.5689655172413793
7,gboost,0.4991789819376027,0.38095238095238093,0.5172413793103449
7,mlp,0.6297208538587848,0.38095238095238093,0.7586206896551724
8,perceptron,0.5894909688013137,0.3333333333333333,0.8620689655172413
8,logreg,0.6839080459770115,0.3333333333333333,0.9137931034482759
8,voting,0.6642036124794746,0.2857142857142857,0.9310344827586207
8,gboost,0.5755336617405583,0.3333333333333333,0.7068965517241379
8,mlp,0.5977011494252874,0.3333333333333333,0.9310344827586207
9,perceptron,0.6962233169129721,0.5714285714285714,0.6551724137931034
9,logreg,0.7175697865353038,0.5238095238095238,0.896551724137931
9,voting,0.7257799671592775,0.38095238095238093,0.7413793103448276
9,gboost,0.6100164203612479,0.6666666666666666,0.5689655172413793
9,mlp,0.6822660098522167,0.5238095238095238,0.7241379310344828
