repeat,fold,metodo,youden_threshold,youden_j
0,0,perceptron,0.22685163882130185,0.4
0,0,logreg,0.8986719236182176,0.3333333333333333
0,0,voting,0.25,0.4666666666666666
0,0,gboost,0.4948674238551124,0.4666666666666666
0,0,mlp,0.13017182835093494,0.5
0,1,perceptron,0.2516167954554984,0.5277777777777778
0,1,logreg,0.13946650152798773,0.5555555555555556
0,1,voting,0.25,0.02777777777777779
0,1,gboost,0.322433718888837,0.11111111111111116
0,1,mlp,0.10124229159725166,0.6666666666666667
0,2,perceptron,0.4038947162847725,0.75
0,2,logreg,0.6029155951918852,0.6388888888888888
0,2,voting,0.5,0.5
0,2,gboost,0.5810327945259616,0.3888888888888889
0,2,mlp,0.5341363138302717,0.6388888888888888
0,3,perceptron,0.3146994485108816,0.75
0,3,logreg,0.3922972779206298,0.75
0,3,voting,0.25,0.5277777777777778
0,3,gboost,0.5657062905305472,0.5
0,3,mlp,0.9839845531149459,0.5
0,4,perceptron,0.24070119157828995,0.7
0,4,logreg,0.3752153371606767,0.8
0,4,voting,0.25,0.36666666666666664
0,4,gboost,0.38347072294023227,0.2666666666666666
0,4,mlp,0.23540591537869554,0.8
1,0,perceptron,0.3234486418091006,1.0
1,0,logreg,0.40350324868031745,0.8
1,0,voting,0.25,0.8
1,0,gboost,0.08610631911055168,0.8
1,0,mlp,0.4438585016989186,1.0
1,1,perceptron,0.2467244629415819,0.5555555555555556
1,1,logreg,0.1499941319604291,0.6666666666666667
1,1,voting,0.25,0.5277777777777778
1,1,gboost,0.18317487658936243,0.6388888888888888
1,1,mlp,0.007774773681310067,0.4166666666666667
1,2,perceptron,0.2859335418699734,0.8888888888888888
1,2,logreg,0.23243016542434178,0.7777777777777778
1,2,voting,0.25,0.75
1,2,gboost,0.3616148725959914,0.8888888888888888
1,2,mlp,0.5506332494284067,0.75
1,3,perceptron,0.3096766367287783,0.5277777777777778
1,3,logreg,0.22550804666442248,0.6666666666666667
1,3,voting,0.25,0.4166666666666667
1,3,gboost,0.17587477540140622,0.6388888888888888
1,3,mlp,0.9914077529977617,0.5
1,4,perceptron,0.23871182487007006,0.4666666666666666
1,4,logreg,0.09312704191412438,0.5
1,4,voting,0.25,0.3333333333333333
1,4,gboost,0.5730133436495546,0.3333333333333333
1,4,mlp,0.9860577372774805,0.2333333333333333
2,0,perceptron,0.31975448659710914,0.4666666666666666
2,0,logreg,0.2622823303273639,0.7
2,0,voting,0.25,0.4666666666666666
2,0,gboost,0.048397593572777384,0.4666666666666666
2,0,mlp,0.465298880698709,0.6666666666666666
2,1,perceptron,0.5420507924459054,0.25
2,1,logreg,0.4415413593326035,0.2777777777777778
2,1,voting,0.25,0.4166666666666667
2,1,gboost,0.25411960931986954,0.25
2,1,mlp,0.04466311245803448,0.5555555555555556
2,2,perceptron,0.11503521811387178,0.0
2,2,logreg,0.05824799569405029,0.0
2,2,voting,0.0,0.0
2,2,gboost,0.853031027553969,0.02777777777777779
2,2,mlp,0.009601531333618695,0.11111111111111116
2,3,perceptron,0.3343243778939349,0.3888888888888889
2,3,logreg,0.13249778610074534,0.33333333333333337
2,3,voting,0.25,0.2777777777777778
2,3,gboost,0.060564021581604774,0.19444444444444442
2,3,mlp,0.9102074228536933,0.25
2,4,perceptron,0.25082508372840434,0.5
2,4,logreg,0.628713800839874,1.0
2,4,voting,0.25,1.0
2,4,gboost,0.08195444037486695,0.0
2,4,mlp,0.996117196123984,1.0
3,0,perceptron,0.3234342210481192,0.4666666666666666
3,0,logreg,0.8404597568523736,0.6666666666666666
3,0,voting,0.5,0.6666666666666666
3,0,gboost,0.09319624894614453,0.4
3,0,mlp,0.8944134318649367,0.6666666666666666
3,1,perceptron,0.24770047675444262,0.4444444444444444
3,1,logreg,0.11264361602754168,0.33333333333333337
3,1,voting,0.25,0.25
3,1,gboost,0.09499573342792325,0.16666666666666669
3,1,mlp,0.3364794073763876,0.1388888888888889
3,2,perceptron,0.3198940165929139,0.6388888888888888
3,2,logreg,0.26946088799068346,0.6388888888888888
3,2,voting,0.25,0.8888888888888888
3,2,gboost,0.6083909411762066,0.25
3,2,mlp,0.9017913194936849,0.75
3,3,perceptron,0.24990770528447137,1.0
3,3,logreg,0.2341457326047503,0.8888888888888888
3,3,voting,0.25,0.2777777777777778
3,3,gboost,0.08598407347131712,0.3888888888888889
3,3,mlp,0.2847236567362104,0.75
3,4,perceptron,0.37220645037150124,0.4666666666666666
3,4,logreg,0.7307080253290748,0.6666666666666666
3,4,voting,0.25,0.4666666666666666
3,4,gboost,0.20064573097179234,0.5666666666666667
3,4,mlp,0.22077740841033663,0.7
4,0,perceptron,0.5166327350067653,0.2333333333333333
4,0,logreg,0.39473731355621994,0.36666666666666664
4,0,voting,0.5,0.2333333333333333
4,0,gboost,0.07939925094721503,0.09999999999999998
4,0,mlp,0.09325666523943714,0.5
4,1,perceptron,0.3517570418439342,0.5277777777777778
4,1,logreg,0.2724558977215238,0.3055555555555556
4,1,voting,0.5,0.3888888888888889
4,1,gboost,0.11639500169412442,0.3888888888888889
4,1,mlp,0.169815149135298,0.4166666666666667
4,2,perceptron,0.31151955716623136,0.25
4,2,logreg,0.5862721642945798,0.25
4,2,voting,0.25,0.05555555555555558
4,2,gboost,0.14338213747406275,0.0
4,2,mlp,0.36148116016135473,0.3888888888888889
4,3,perceptron,0.3385860642129341,0.4166666666666667
4,3,logreg,0.6306077700413769,0.5
4,3,voting,0.5,0.2777777777777778
4,3,gboost,0.39619490114355227,0.2222222222222222
4,3,mlp,0.920869578517752,0.5
4,4,perceptron,0.7770826250681305,0.3333333333333333
4,4,logreg,0.9921228085193539,0.3333333333333333
4,4,voting,0.5,0.1333333333333333
4,4,gboost,0.49106912634431304,0.3333333333333333
4,4,mlp,0.9750096625578007,0.3333333333333333
5,0,perceptron,0.24499336562885043,0.4666666666666666
5,0,logreg,0.2522658508037512,0.6666666666666666
5,0,voting,0.5,0.3333333333333333
5,0,gboost,0.08903023413779158,0.0
5,0,mlp,0.4652726892466726,0.6666666666666666
5,1,perceptron,0.3236951027051432,0.1388888888888889
5,1,logreg,0.37853988575673697,0.25
5,1,voting,0.0,0.0
5,1,gboost,0.05633342700860776,0.1388888888888889
5,1,mlp,0.10324075799579846,0.3888888888888889
5,2,perceptron,0.38997744533011086,0.5
5,2,logreg,0.8708912266166813,0.5
5,2,voting,0.5,0.5
5,2,gboost,0.5098166089696059,0.3888888888888889
5,2,mlp,0.7795771227504269,0.3888888888888889
5,3,perceptron,0.4838278925304285,0.25
5,3,logreg,0.30226266927367096,0.2777777777777778
5,3,voting,0.5,0.1388888888888889
5,3,gboost,0.04517818434507508,0.33333333333333337
5,3,mlp,0.11467157340093706,0.4166666666666667
5,4,perceptron,0.33482769491732206,0.5666666666666667
5,4,logreg,0.27237505560457015,0.36666666666666664
5,4,voting,0.25,0.36666666666666664
5,4,gboost,0.266750253999253,0.0
5,4,mlp,0.07476813229772872,0.16666666666666663
6,0,perceptron,0.2777757886740369,0.9
6,0,logreg,0.25807441333588327,0.4666666666666666
6,0,voting,0.25,0.6666666666666666
6,0,gboost,0.5742651928087571,0.3333333333333333
6,0,mlp,0.9785034466416108,0.3333333333333333
6,1,perceptron,0.27519860941637436,0.3888888888888889
6,1,logreg,0.4825395211761856,0.6388888888888888
6,1,voting,0.25,0.6388888888888888
6,1,gboost,0.6506628114595276,0.3888888888888889
6,1,mlp,0.3523556666627996,0.6388888888888888
6,2,perceptron,0.3097027568459025,0.5
6,2,logreg,0.5663619940999897,0.5
6,2,voting,0.25,0.2777777777777778
6,2,gboost,0.0829315629165561,0.0
6,2,mlp,0.20097364196534234,0.3055555555555556
6,3,perceptron,0.332725799863958,0.5277777777777778
6,3,logreg,0.21297564221848111,0.5555555555555556
6,3,voting,0.5,0.5
6,3,gboost,0.23608897354386463,0.5277777777777778
6,3,mlp,0.16032063272352465,0.5277777777777778
6,4,perceptron,0.4361720196649494,0.6666666666666666
6,4,logreg,0.26260377804155455,0.5666666666666667
6,4,voting,0.25,0.5666666666666667
6,4,gboost,0.48921212919218515,0.36666666666666664
6,4,mlp,0.31577831846089177,0.6666666666666666
7,0,perceptron,0.18215095176363358,0.09999999999999998
7,0,logreg,0.22706992835943537,0.2666666666666666
7,0,voting,0.0,0.0
7,0,gboost,0.1634151617445889,0.4
7,0,mlp,0.34824316152731166,0.033333333333333326
7,1,perceptron,0.22471986703456973,0.3055555555555556
7,1,logreg,0.6004166992623817,0.2777777777777778
7,1,voting,0.75,0.25
7,1,gboost,0.23166631106471608,0.25
7,1,mlp,0.7431448341878905,0.1388888888888889
7,2,perceptron,0.27465117834431513,0.2777777777777778
7,2,logreg,0.5368609412313275,0.6388888888888888
7,2,voting,0.25,0.5277777777777778
7,2,gboost,0.23940883399451335,0.5555555555555556
7,2,mlp,0.056774867700236965,0.33333333333333337
7,3,perceptron,0.27253280552144893,0.8888888888888888
7,3,logreg,0.30519480547947675,0.75
7,3,voting,0.25,0.8888888888888888
7,3,gboost,0.20275097118795155,0.08333333333333337
7,3,mlp,0.4181695613284158,0.6388888888888888
7,4,perceptron,0.29990920531948334,0.9
7,4,logreg,0.6190955150100574,1.0
7,4,voting,0.25,0.6
7,4,gboost,0.8003815167774793,0.3333333333333333
7,4,mlp,0.7263475291415635,0.4666666666666666
8,0,perceptron,0.2784147351294079,0.4666666666666666
8,0,logreg,0.6294636640348739,0.6666666666666666
8,0,voting,0.5,0.6666666666666666
8,0,gboost,0.7653926737631309,0.3333333333333333
8,0,mlp,0.6113572915896499,0.6666666666666666
8,1,perceptron,0.3020113409337104,0.8888888888888888
8,1,logreg,0.34414144449279,0.8888888888888888
8,1,voting,0.5,0.75
8,1,gboost,0.4205776232282368,0.75
8,1,mlp,0.5173326092456608,1.0
8,2,perceptron,0.29028152109827265,0.5277777777777778
8,2,logreg,0.40664007696229937,0.6388888888888888
8,2,voting,0.25,0.6388888888888888
8,2,gboost,0.2711165491519738,0.3888888888888889
8,2,mlp,0.43406577918577965,0.4166666666666667
8,3,perceptron,0.5518204850138075,0.25
8,3,logreg,0.5844135954825124,0.5
8,3,voting,0.5,0.5
8,3,gboost,0.9319823926523557,0.5
8,3,mlp,0.8948809142955447,0.25
8,4,perceptron,0.5500596634603631,0.6666666666666666
8,4,logreg,0.8257196276945894,0.6666666666666666
8,4,voting,0.25,0.4666666666666666
8,4,gboost,0.12968627575428807,0.6
8,4,mlp,0.708619026205683,0.6666666666666666
9,0,perceptron,0.3915171290827002,0.8
9,0,logreg,0.35902679167765633,0.8
9,0,voting,0.25,0.8
9,0,gboost,0.04134721433959245,0.0
9,0,mlp,0.12933735027494092,0.5
9,1,perceptron,0.238375587702895,0.75
9,1,logreg,0.5421578878570069,0.5
9,1,voting,0.5,0.5
9,1,gboost,0.21948864813828597,0.5
9,1,mlp,0.7653488095586888,0.5
9,2,perceptron,0.36413353904528556,0.5
9,2,logreg,0.40681550796526217,0.3888888888888889
9,2,voting,0.25,0.6388888888888888
9,2,gboost,0.05029186048157653,0.25
9,2,mlp,0.2597849003250073,0.4166666666666667
9,3,perceptron,0.359920868460194,0.3888888888888889
9,3,logreg,0.2229069109590275,0.4166666666666667
9,3,voting,0.75,0.25
9,3,gboost,0.10836294065829107,0.25
9,3,mlp,0.9157814682384763,0.5
9,4,perceptron,0.2351795619658192,0.09999999999999998
9,4,logreg,0.17931138227292764,0.033333333333333326
9,4,voting,0.0,0.0
9,4,gboost,0.012351366337415891,0.0
9,4,mlp,0.02014501650927622,0.09999999999999998
