subject_id,fusion_perceptron,fusion_logreg,fusion_voting,fusion_gboost,fusion_mlp,y_true
1,0.37754198334183675,0.653318459197883,0.45,0.6315027558324492,0.7768268498900561,1.0
2,0.25795960371854604,0.21535868686130716,0.0,0.24453648495281272,0.22565287128028508,0.0
3,0.2959861116670193,0.20993072330269075,0.175,0.14591427630453851,0.1134672222474924,1.0
4,0.2372423226511974,0.2216014000050533,0.05,0.17678103770711884,0.27323593426976284,0.0
5,0.18155379944345335,0.13749424263231133,0.0,0.14840469213126686,0.1056799361717895,0.0
6,0.17590490214006702,0.09066455176121127,0.0,0.15252443940458638,0.1695281975379703,0.0
7,0.21555301642267213,0.14756282934046078,0.025,0.27129283246657937,0.1427353007756274,0.0
8,0.21328879899747094,0.12282690733994044,0.0,0.06752010432394462,0.08849539788465115,0.0
9,0.20573804774918272,0.13208918885308907,0.0,0.13589906661858586,0.12575464077265863,0.0
10,0.26722215336131794,0.2569545515596024,0.05,0.3430886637744719,0.16532044477736824,0.0
11,0.2785147108813037,0.315721305738864,0.05,0.28481033814450124,0.321187241977021,0.0
12,0.3020807106682455,0.29522414538624575,0.175,0.2720111746627804,0.24297686744507985,0.0
13,0.19603513706527692,0.142425434922061,0.0,0.05806720740564266,0.10285542435538601,0.0
14,0.1712933571870818,0.11210204515947933,0.025,0.2454637779448518,0.2305972795367733,0.0
15,0.28909207137504733,0.25848147846132263,0.15,0.24131471557274545,0.12291577081483854,0.0
16,0.2709764081793808,0.29872813088028083,0.05,0.3117551491298332,0.3485298475785382,0.0
17,0.20614398590938646,0.10577838265148946,0.0,0.07480914130550216,0.10210591888624403,0.0
18,0.25551157360815063,0.2057697849046137,0.075,0.20348586545361275,0.14398880408297982,0.0
19,0.20483704178468454,0.10477265244573945,0.0,0.18185763145519213,0.14399423711367795,0.0
20,0.2159491290216547,0.17672602559207792,0.025,0.13507790249488638,0.15629955164308734,1.0
21,0.19528915459820792,0.10338002371189625,0.0,0.10966183249729453,0.1304879514471481,0.0
22,0.20995811278293747,0.1373952693411365,0.025,0.12260964137335131,0.18153910242165955,0.0
23,0.20901855820278606,0.131244346333487,0.0,0.18658047613245082,0.13644681298814018,0.0
24,0.19915350571392004,0.1161688054956315,0.0,0.18761750397256233,0.12366185705477066,0.0
25,0.21536767526664327,0.12447038122186047,0.0,0.2329074106960547,0.15487222999247766,0.0
26,0.3637211176113454,0.4309516206261249,0.25,0.5311294680407548,0.3365352646444306,0.0
27,0.1957502783002087,0.10321941956163314,0.0,0.12710918107757715,0.09748977688727453,1.0
28,0.4825723619789583,0.6225414302720403,0.3,0.6359677682725988,0.6917129437935392,1.0
29,0.22424465337568128,0.15616709063102835,0.025,0.20000778490656573,0.18405749877912916,0.0
30,0.2167479036916832,0.14334942233971493,0.0,0.07445595146484257,0.0992699864531932,0.0
31,0.2847750009379849,0.29508552689281786,0.175,0.20662945060522192,0.15350858187933508,0.0
32,0.3502832971627097,0.323509505963392,0.075,0.28122237430136865,0.23749438126913297,1.0
33,0.26299303695535786,0.2643931848687795,0.125,0.179852554690056,0.30621806592190304,1.0
34,0.3953850894714527,0.44088027584898953,0.125,0.39494574910851965,0.5384058604811182,0.0
35,0.4853380081058939,0.751091351819062,0.625,0.6941745170578318,0.7576235257766488,1.0
36,0.3406100335044689,0.39804406462726627,0.2,0.2734143438876059,0.2833288753426303,0.0
37,0.21530617892431353,0.22034350038982428,0.075,0.18536852126759115,0.13704544824424864,0.0
38,0.1898250409021616,0.11985476712246153,0.0,0.1638392362286889,0.1404496121682453,0.0
39,0.20157264406676795,0.13293090230431437,0.0,0.07635178153448645,0.0994641035382923,0.0
40,0.22793384324424468,0.10843426852224061,0.0,0.10626510863777874,0.13346706647711296,0.0
41,0.21181732728185598,0.1293563160624911,0.0,0.0810137220860399,0.09348845049705275,0.0
42,0.18529033596764527,0.10161480642735102,0.025,0.08529464419671257,0.06807500621210719,1.0
43,0.18761897467704433,0.11954597374749065,0.0,0.19030417554525997,0.08472769587442067,1.0
44,0.24949337041447867,0.2568694392572802,0.05,0.13618451202645165,0.15040483766594115,0.0
45,0.24334028390837567,0.2446069453239031,0.075,0.20549249649959545,0.1898462935016358,0.0
46,0.1852144696694175,0.11023274125416505,0.0,0.16408099136389206,0.13934996793630494,0.0
47,0.2985413504676755,0.3177297503497424,0.1,0.17826426176451177,0.3212587307080475,0.0
48,0.2438064934068703,0.2482887559848646,0.1,0.31531999440162717,0.18474427505092622,0.0
49,0.26516900516332836,0.2562057941147883,0.1,0.2627042019606664,0.22187159384401528,0.0
50,0.20081774902567712,0.11737530354911671,0.0,0.11607169519354499,0.10822766372143935,0.0
51,0.288807993911182,0.2211094158139933,0.1,0.20761094357531457,0.08805924937525665,1.0
52,0.2151243577975921,0.13682578567727252,0.05,0.27002519482082826,0.12879878312102788,0.0
53,0.21755834236931298,0.18629270259509703,0.0,0.09142781151863984,0.15429967785438384,0.0
54,0.19591749541097642,0.11207946536769475,0.025,0.08572624077615001,0.13216930564497775,1.0
55,0.24881566508785496,0.22941625946739794,0.025,0.1681067153985669,0.22988228003823644,1.0
56,0.27879259982622373,0.21964165313071207,0.0,0.16003112216374807,0.19714596977058202,0.0
57,0.3684813180796771,0.43434926708733146,0.125,0.5565531807910832,0.3799284694120451,0.0
58,0.4285576553250256,0.5526988671212635,0.4,0.5673221116293536,0.5629752386371816,0.0
59,0.3152927100566384,0.290807819763016,0.15,0.22299139667184403,0.20074529390983248,0.0
60,0.2857688229317922,0.31872177237223387,0.125,0.205312532182763,0.15482032224568723,1.0
61,0.4139499631485933,0.7446216923619311,0.525,0.6713044620180522,0.7890469551656007,1.0
62,0.33297207103817233,0.33640771620419085,0.125,0.32733242426864495,0.24018845096586644,0.0
63,0.3606252364594895,0.39345843665842145,0.075,0.3335362421808865,0.41008775575494977,1.0
64,0.24384295724128938,0.17072164370315832,0.0,0.20568297197592397,0.17599784041631578,0.0
65,0.25088652358783825,0.16442471610594597,0.075,0.11615399795579681,0.09775820715646662,0.0
67,0.18377879497659588,0.13204312891176184,0.1,0.21663035959736926,0.1402402192403484,1.0
68,0.21173265738410146,0.17850710531056738,0.05,0.21081420568581982,0.1638184889411574,0.0
69,0.2828664057429614,0.3037031746521489,0.075,0.30177630283264845,0.2712551360772878,0.0
70,0.2868297428188894,0.3653110870785458,0.15,0.2795187690801615,0.17187678043514396,0.0
71,0.42272610112185705,0.667934806484395,0.375,0.7340774167842371,0.7447677495672844,1.0
72,0.24507771522798905,0.18137606408992119,0.025,0.23412294374900364,0.1815414379310587,0.0
73,0.45333685411280344,0.7206292290163459,0.45,0.7198574623769565,0.8192852657592502,1.0
74,0.18404152349105704,0.14963276562564498,0.0,0.15252365659104716,0.17059185970784196,0.0
75,0.28347776015955317,0.2691099314759675,0.025,0.274385864032176,0.2467236804141216,0.0
76,0.3226469691476904,0.4155377800406187,0.3,0.44629282888232513,0.3895043176619125,0.0
77,0.4719072587548446,0.6756683136874251,0.425,0.6030572391142501,0.7546420451954693,1.0
78,0.490352380689942,0.7101441518953914,0.4,0.7433245798600397,0.8292781474578188,1.0
79,0.19280460600989738,0.1435767599966742,0.025,0.14004707215623016,0.12092036943126257,0.0
80,0.2516982139685292,0.2245679627642013,0.05,0.17730784260072824,0.17333185630028336,0.0
